{
  "type": "FeatureCollection",
  "generator": "overpass-turbo",
  "copyright": "The data included in this document is from www.openstreetmap.org. The data is made available under ODbL.",
  "timestamp": "2026-07-31T11:02:46Z",
  "features": [
    {
      "type": "Feature",
      "properties": {
        "@id": "relation/1838814",
        "natural": "water",
        "type": "multipolygon"
      },
      "geometry": {
        "type": "Polygon",
        "coordinates": [
          [
            [
              10.7758756,
              53.9980609
            ],
            [
              10.775984,
              53.9980523
            ],
            [
              10.7760775,
              53.9980709
            ],
            [
              10.7761966,
              53.9981052
            ],
            [
              10.7762363,
              53.9981791
            ],
            [
              10.7764147,
              53.9982022
            ],
            [
              10.7766159,
              53.9982628
            ],
            [
              10.7767659,
              53.9983262
            ],
            [
              10.7768664,
              53.9984053
            ],
            [
              10.7771138,
              53.9985093
            ],
            [
              10.7772555,
              53.9985825
            ],
            [
              10.7772957,
              53.9986343
            ],
            [
              10.7772841,
              53.998684
            ],
            [
              10.7773365,
              53.998709
            ],
            [
              10.7774949,
              53.9986534
            ],
            [
              10.7775972,
              53.9986737
            ],
            [
              10.7776807,
              53.9987401
            ],
            [
              10.7778013,
              53.9987727
            ],
            [
              10.7778342,
              53.9988429
            ],
            [
              10.777786,
              53.9989697
            ],
            [
              10.7777075,
              53.9990496
            ],
            [
              10.7776187,
              53.9991026
            ],
            [
              10.7774709,
              53.9990735
            ],
            [
              10.7773834,
              53.9990396
            ],
            [
              10.7772541,
              53.9990357
            ],
            [
              10.7771904,
              53.9990226
            ],
            [
              10.7771658,
              53.998995
            ],
            [
              10.7771387,
              53.9989292
            ],
            [
              10.7771694,
              53.9988617
            ],
            [
              10.777267,
              53.9987514
            ],
            [
              10.777168,
              53.9987247
            ],
            [
              10.777075,
              53.9987548
            ],
            [
              10.7769051,
              53.998691
            ],
            [
              10.7765397,
              53.9985207
            ],
            [
              10.7764635,
              53.9984897
            ],
            [
              10.7764542,
              53.9984452
            ],
            [
              10.776413,
              53.9984061
            ],
            [
              10.7763658,
              53.9983787
            ],
            [
              10.7762793,
              53.9983623
            ],
            [
              10.7761807,
              53.9983616
            ],
            [
              10.7760958,
              53.998382
            ],
            [
              10.7760032,
              53.9983855
            ],
            [
              10.7758671,
              53.9983781
            ],
            [
              10.7757876,
              53.9983505
            ],
            [
              10.7757072,
              53.9983004
            ],
            [
              10.7756909,
              53.9982588
            ],
            [
              10.775689,
              53.9982053
            ],
            [
              10.775577,
              53.9981805
            ],
            [
              10.7755435,
              53.9982042
            ],
            [
              10.7754302,
              53.9981861
            ],
            [
              10.7753616,
              53.9983477
            ],
            [
              10.7754027,
              53.9983646
            ],
            [
              10.775509,
              53.9983595
            ],
            [
              10.7755856,
              53.9983758
            ],
            [
              10.7756412,
              53.9984034
            ],
            [
              10.775667,
              53.9984361
            ],
            [
              10.7755914,
              53.9984726
            ],
            [
              10.7754276,
              53.9985244
            ],
            [
              10.7753223,
              53.9985374
            ],
            [
              10.7753089,
              53.9984901
            ],
            [
              10.7753587,
              53.9984743
            ],
            [
              10.7753731,
              53.9984439
            ],
            [
              10.7753434,
              53.9983905
            ],
            [
              10.7753194,
              53.9983274
            ],
            [
              10.7753699,
              53.9981709
            ],
            [
              10.7748244,
              53.998019
            ],
            [
              10.7747574,
              53.9980145
            ],
            [
              10.7747111,
              53.998015
            ],
            [
              10.7745215,
              53.9980347
            ],
            [
              10.7743415,
              53.9980358
            ],
            [
              10.7741906,
              53.9980185
            ],
            [
              10.7740486,
              53.9979919
            ],
            [
              10.7739396,
              53.997929
            ],
            [
              10.7738934,
              53.9978895
            ],
            [
              10.773926,
              53.9978253
            ],
            [
              10.774012,
              53.997771
            ],
            [
              10.7741887,
              53.9977798
            ],
            [
              10.7743358,
              53.9978084
            ],
            [
              10.7746444,
              53.997862
            ],
            [
              10.7749527,
              53.9979464
            ],
            [
              10.7755626,
              53.9981147
            ],
            [
              10.7756054,
              53.9981405
            ],
            [
              10.7756976,
              53.9981575
            ],
            [
              10.7757426,
              53.9980989
            ],
            [
              10.7757886,
              53.9980877
            ],
            [
              10.7758756,
              53.9980609
            ]
          ]
        ]
      },
      "id": "relation/1838814"
    },
    {
      "type": "Feature",
      "properties": {
        "@id": "way/4310987",
        "description:de": "Im See liegt der tiefste Festlandpunkt Deutschlands. Die tiefste Stelle beträgt 39,5 m, sie wurde mit einer Boje markiert.",
        "ele": "-0.1",
        "name": "Hemmelsdorfer See",
        "natural": "water",
        "water": "lake",
        "website": "https://www.umweltdaten.landsh.de/db/dbnuis?thema=see&seenummer=0146",
        "wikidata": "Q765875",
        "wikipedia": "de:Hemmelsdorfer See"
      },
      "geometry": {
        "type": "Polygon",
        "coordinates": [
          [
            [
              10.7723786,
              53.9687528
            ],
            [
              10.7721865,
              53.9687856
            ],
            [
              10.7720314,
              53.9686819
            ],
            [
              10.7716268,
              53.9682629
            ],
            [
              10.7717872,
              53.9677861
            ],
            [
              10.771593,
              53.9667907
            ],
            [
              10.7712774,
              53.9655525
            ],
            [
              10.7706947,
              53.96446
            ],
            [
              10.7699571,
              53.9638557
            ],
            [
              10.7696719,
              53.9635485
            ],
            [
              10.7697842,
              53.9627802
            ],
            [
              10.7703336,
              53.9621248
            ],
            [
              10.7710103,
              53.9619108
            ],
            [
              10.7714231,
              53.9614253
            ],
            [
              10.7717403,
              53.9607095
            ],
            [
              10.7723855,
              53.9602759
            ],
            [
              10.7723128,
              53.9599923
            ],
            [
              10.7725856,
              53.9597996
            ],
            [
              10.7729131,
              53.9597782
            ],
            [
              10.7731954,
              53.959653
            ],
            [
              10.7735046,
              53.9591522
            ],
            [
              10.7732892,
              53.9589809
            ],
            [
              10.7733251,
              53.9588796
            ],
            [
              10.7736443,
              53.9589467
            ],
            [
              10.773845,
              53.9590007
            ],
            [
              10.7741377,
              53.95896
            ],
            [
              10.774256,
              53.9585135
            ],
            [
              10.7743873,
              53.9583119
            ],
            [
              10.7742008,
              53.9580299
            ],
            [
              10.7742355,
              53.9579181
            ],
            [
              10.7745787,
              53.9576718
            ],
            [
              10.7749307,
              53.9577
            ],
            [
              10.7754097,
              53.9580197
            ],
            [
              10.7757243,
              53.9581704
            ],
            [
              10.7764729,
              53.9587547
            ],
            [
              10.7772012,
              53.9589489
            ],
            [
              10.7778325,
              53.9589054
            ],
            [
              10.7782196,
              53.9587686
            ],
            [
              10.778318,
              53.9585362
            ],
            [
              10.7784816,
              53.9583371
            ],
            [
              10.7783665,
              53.9580749
            ],
            [
              10.777707,
              53.9578583
            ],
            [
              10.7773057,
              53.9578336
            ],
            [
              10.7768459,
              53.957861
            ],
            [
              10.7762227,
              53.9578026
            ],
            [
              10.7755989,
              53.9576622
            ],
            [
              10.7752102,
              53.9574671
            ],
            [
              10.7749919,
              53.9572252
            ],
            [
              10.7740936,
              53.9563026
            ],
            [
              10.7736081,
              53.9554286
            ],
            [
              10.7739965,
              53.954676
            ],
            [
              10.7740936,
              53.9530009
            ],
            [
              10.7736566,
              53.9520297
            ],
            [
              10.7733167,
              53.9509372
            ],
            [
              10.7731954,
              53.9493835
            ],
            [
              10.7742957,
              53.9479504
            ],
            [
              10.7746375,
              53.9478464
            ],
            [
              10.7745395,
              53.9477392
            ],
            [
              10.7745865,
              53.9476143
            ],
            [
              10.7747501,
              53.9476822
            ],
            [
              10.7747984,
              53.9476412
            ],
            [
              10.7747051,
              53.9474768
            ],
            [
              10.7747647,
              53.9473824
            ],
            [
              10.7748077,
              53.9473159
            ],
            [
              10.7749459,
              53.9472213
            ],
            [
              10.7751015,
              53.9472244
            ],
            [
              10.7751712,
              53.9471534
            ],
            [
              10.774975,
              53.9470572
            ],
            [
              10.7752276,
              53.9466666
            ],
            [
              10.7752659,
              53.9466301
            ],
            [
              10.7756396,
              53.9467118
            ],
            [
              10.7758365,
              53.9466878
            ],
            [
              10.7758552,
              53.9463846
            ],
            [
              10.7760698,
              53.9459568
            ],
            [
              10.776252,
              53.9458828
            ],
            [
              10.7773226,
              53.9448678
            ],
            [
              10.7780509,
              53.9436296
            ],
            [
              10.7790706,
              53.9419545
            ],
            [
              10.7802602,
              53.9405463
            ],
            [
              10.7812313,
              53.9394781
            ],
            [
              10.7822719,
              53.939437
            ],
            [
              10.783125,
              53.9396723
            ],
            [
              10.7835026,
              53.9401822
            ],
            [
              10.7837022,
              53.9412263
            ],
            [
              10.7843387,
              53.942183
            ],
            [
              10.7845523,
              53.9433697
            ],
            [
              10.7843655,
              53.9446735
            ],
            [
              10.7846907,
              53.9461817
            ],
            [
              10.784931,
              53.9473756
            ],
            [
              10.7849826,
              53.9482756
            ],
            [
              10.784789,
              53.9486873
            ],
            [
              10.7845854,
              53.9492478
            ],
            [
              10.7844845,
              53.9495639
            ],
            [
              10.7846264,
              53.9496596
            ],
            [
              10.7846532,
              53.949735
            ],
            [
              10.784379,
              53.9497753
            ],
            [
              10.784409,
              53.9498278
            ],
            [
              10.7845459,
              53.9498648
            ],
            [
              10.7846204,
              53.9499384
            ],
            [
              10.7844671,
              53.9499476
            ],
            [
              10.7841163,
              53.9502709
            ],
            [
              10.7834643,
              53.9511961
            ],
            [
              10.783073,
              53.9517514
            ],
            [
              10.7831362,
              53.9526769
            ],
            [
              10.7832213,
              53.9539707
            ],
            [
              10.7828703,
              53.9545267
            ],
            [
              10.7826516,
              53.9549769
            ],
            [
              10.7825535,
              53.955559
            ],
            [
              10.7825135,
              53.9556592
            ],
            [
              10.7824692,
              53.9573578
            ],
            [
              10.7826726,
              53.9576872
            ],
            [
              10.7836168,
              53.9592243
            ],
            [
              10.7839164,
              53.9597099
            ],
            [
              10.7837307,
              53.9607324
            ],
            [
              10.7834668,
              53.9610904
            ],
            [
              10.7837888,
              53.9613892
            ],
            [
              10.7851184,
              53.9617759
            ],
            [
              10.7856741,
              53.9620808
            ],
            [
              10.7864753,
              53.9623478
            ],
            [
              10.7871551,
              53.9624935
            ],
            [
              10.788372,
              53.9624028
            ],
            [
              10.7891578,
              53.9625358
            ],
            [
              10.789568,
              53.962832
            ],
            [
              10.7899642,
              53.9629871
            ],
            [
              10.7907239,
              53.9639259
            ],
            [
              10.7912211,
              53.9641896
            ],
            [
              10.7915554,
              53.9644166
            ],
            [
              10.7917201,
              53.9647732
            ],
            [
              10.7917796,
              53.9649654
            ],
            [
              10.7920194,
              53.9650646
            ],
            [
              10.7928435,
              53.9652297
            ],
            [
              10.794181,
              53.9658604
            ],
            [
              10.7947783,
              53.9666935
            ],
            [
              10.7949294,
              53.9669585
            ],
            [
              10.7953526,
              53.9672297
            ],
            [
              10.7960039,
              53.9672746
            ],
            [
              10.7966254,
              53.9673013
            ],
            [
              10.7973366,
              53.9673456
            ],
            [
              10.7981772,
              53.967519
            ],
            [
              10.7997067,
              53.9680046
            ],
            [
              10.8001801,
              53.9683548
            ],
            [
              10.8005104,
              53.9684607
            ],
            [
              10.800559,
              53.9685104
            ],
            [
              10.8006102,
              53.9685629
            ],
            [
              10.8009558,
              53.9689291
            ],
            [
              10.8015518,
              53.9693398
            ],
            [
              10.8031056,
              53.9709179
            ],
            [
              10.8046594,
              53.9720347
            ],
            [
              10.8046987,
              53.9720811
            ],
            [
              10.8053656,
              53.9728791
            ],
            [
              10.8064074,
              53.9744382
            ],
            [
              10.8063974,
              53.9746423
            ],
            [
              10.8063588,
              53.9754336
            ],
            [
              10.8061161,
              53.9761862
            ],
            [
              10.8059704,
              53.9771816
            ],
            [
              10.8057762,
              53.9776186
            ],
            [
              10.8056482,
              53.9781664
            ],
            [
              10.8058383,
              53.9783732
            ],
            [
              10.8061882,
              53.978558
            ],
            [
              10.8068781,
              53.9788702
            ],
            [
              10.8072244,
              53.9789
            ],
            [
              10.8074902,
              53.9787818
            ],
            [
              10.808121,
              53.9789676
            ],
            [
              10.8090054,
              53.9795904
            ],
            [
              10.8090019,
              53.9800046
            ],
            [
              10.8093947,
              53.9805522
            ],
            [
              10.8109138,
              53.9815155
            ],
            [
              10.8114082,
              53.9818518
            ],
            [
              10.8095437,
              53.98099
            ],
            [
              10.8090969,
              53.9807098
            ],
            [
              10.8087275,
              53.9803069
            ],
            [
              10.8082139,
              53.9799585
            ],
            [
              10.8078635,
              53.9798314
            ],
            [
              10.8074748,
              53.9795888
            ],
            [
              10.8066682,
              53.9790104
            ],
            [
              10.8067028,
              53.9788373
            ],
            [
              10.8064882,
              53.9787619
            ],
            [
              10.8059813,
              53.9788356
            ],
            [
              10.8054514,
              53.9789906
            ],
            [
              10.8052879,
              53.979112
            ],
            [
              10.804514,
              53.9793521
            ],
            [
              10.8039847,
              53.9799873
            ],
            [
              10.8036706,
              53.9805073
            ],
            [
              10.8038186,
              53.9806814
            ],
            [
              10.8041655,
              53.9807212
            ],
            [
              10.8043129,
              53.9806475
            ],
            [
              10.804538,
              53.9807018
            ],
            [
              10.8044957,
              53.9809328
            ],
            [
              10.8042916,
              53.9811536
            ],
            [
              10.8036241,
              53.9809384
            ],
            [
              10.8030315,
              53.9810631
            ],
            [
              10.802361,
              53.9810058
            ],
            [
              10.8014595,
              53.9807177
            ],
            [
              10.8003966,
              53.9807348
            ],
            [
              10.7995786,
              53.9803324
            ],
            [
              10.7977692,
              53.9807973
            ],
            [
              10.7976354,
              53.9812211
            ],
            [
              10.7970079,
              53.9811971
            ],
            [
              10.7965669,
              53.9814275
            ],
            [
              10.796392,
              53.9813334
            ],
            [
              10.7958986,
              53.9812441
            ],
            [
              10.7957135,
              53.9811182
            ],
            [
              10.7955067,
              53.9811146
            ],
            [
              10.7943721,
              53.9810801
            ],
            [
              10.7931135,
              53.980752
            ],
            [
              10.7928349,
              53.9806632
            ],
            [
              10.7915594,
              53.9802565
            ],
            [
              10.7906875,
              53.980137
            ],
            [
              10.7901634,
              53.9799847
            ],
            [
              10.7899967,
              53.9796794
            ],
            [
              10.7898014,
              53.9790267
            ],
            [
              10.7889886,
              53.9780954
            ],
            [
              10.7886441,
              53.9776466
            ],
            [
              10.7881019,
              53.977303
            ],
            [
              10.7869426,
              53.9763968
            ],
            [
              10.7863539,
              53.9753607
            ],
            [
              10.7856741,
              53.9750937
            ],
            [
              10.7849019,
              53.9751024
            ],
            [
              10.7845369,
              53.9751868
            ],
            [
              10.7821005,
              53.9751921
            ],
            [
              10.7813234,
              53.9751051
            ],
            [
              10.7805085,
              53.9750667
            ],
            [
              10.778755,
              53.9748752
            ],
            [
              10.7782219,
              53.9747874
            ],
            [
              10.777719,
              53.9746532
            ],
            [
              10.7775101,
              53.9744578
            ],
            [
              10.7766501,
              53.9741596
            ],
            [
              10.776222,
              53.9738508
            ],
            [
              10.7759387,
              53.9734671
            ],
            [
              10.7757179,
              53.972626
            ],
            [
              10.7753263,
              53.9714852
            ],
            [
              10.7743101,
              53.9705312
            ],
            [
              10.7735598,
              53.9699841
            ],
            [
              10.7732612,
              53.969858
            ],
            [
              10.7731532,
              53.969797
            ],
            [
              10.773148,
              53.9697173
            ],
            [
              10.773202,
              53.9696409
            ],
            [
              10.7732885,
              53.9695774
            ],
            [
              10.7732745,
              53.9695563
            ],
            [
              10.773215,
              53.9694528
            ],
            [
              10.7732768,
              53.9694182
            ],
            [
              10.7733021,
              53.9693779
            ],
            [
              10.7733399,
              53.9691739
            ],
            [
              10.7731174,
              53.9691648
            ],
            [
              10.7728178,
              53.9689227
            ],
            [
              10.7723786,
              53.9687528
            ]
          ]
        ]
      },
      "id": "way/4310987"
    },
    {
      "type": "Feature",
      "properties": {
        "@id": "way/4317710",
        "name": "Oeverdiek",
        "natural": "water",
        "wikidata": "Q307520",
        "wikipedia": "de:Överdiek"
      },
      "geometry": {
        "type": "Polygon",
        "coordinates": [
          [
            [
              10.7547796,
              53.9961621
            ],
            [
              10.7546917,
              53.9965143
            ],
            [
              10.7543695,
              53.9967629
            ],
            [
              10.7541051,
              53.996941
            ],
            [
              10.7538349,
              53.9972559
            ],
            [
              10.7539141,
              53.9973303
            ],
            [
              10.7541211,
              53.9973063
            ],
            [
              10.7543915,
              53.9972121
            ],
            [
              10.7545517,
              53.9973122
            ],
            [
              10.7546562,
              53.9975762
            ],
            [
              10.7546634,
              53.9978474
            ],
            [
              10.7545998,
              53.9979797
            ],
            [
              10.7544945,
              53.9981275
            ],
            [
              10.7543688,
              53.9982789
            ],
            [
              10.7542185,
              53.9984138
            ],
            [
              10.7540392,
              53.9984545
            ],
            [
              10.7538324,
              53.9985125
            ],
            [
              10.7535932,
              53.998566
            ],
            [
              10.7530644,
              53.9986418
            ],
            [
              10.7528484,
              53.9986482
            ],
            [
              10.7525861,
              53.9986477
            ],
            [
              10.7524743,
              53.9985917
            ],
            [
              10.7523992,
              53.9985541
            ],
            [
              10.7522582,
              53.9984602
            ],
            [
              10.7523898,
              53.9982149
            ],
            [
              10.7522482,
              53.9976772
            ],
            [
              10.7524063,
              53.9971855
            ],
            [
              10.75261,
              53.9970587
            ],
            [
              10.7527926,
              53.9968708
            ],
            [
              10.7526585,
              53.9968145
            ],
            [
              10.7523987,
              53.9968446
            ],
            [
              10.7519337,
              53.9968507
            ],
            [
              10.7513784,
              53.9968092
            ],
            [
              10.7511344,
              53.9967156
            ],
            [
              10.7506969,
              53.9965203
            ],
            [
              10.7501423,
              53.9962806
            ],
            [
              10.7499712,
              53.9963296
            ],
            [
              10.7498363,
              53.9963805
            ],
            [
              10.7498497,
              53.9964847
            ],
            [
              10.7497025,
              53.996469
            ],
            [
              10.7496451,
              53.9964127
            ],
            [
              10.7494529,
              53.9963065
            ],
            [
              10.7493513,
              53.9961522
            ],
            [
              10.7494549,
              53.995883
            ],
            [
              10.7496062,
              53.9957554
            ],
            [
              10.7500771,
              53.9956745
            ],
            [
              10.7503213,
              53.9956726
            ],
            [
              10.7507357,
              53.9956262
            ],
            [
              10.7517609,
              53.9953175
            ],
            [
              10.7519598,
              53.9951464
            ],
            [
              10.7519285,
              53.99487
            ],
            [
              10.7515889,
              53.994648
            ],
            [
              10.7512105,
              53.9943708
            ],
            [
              10.75088,
              53.9940069
            ],
            [
              10.750727,
              53.993614
            ],
            [
              10.7507812,
              53.9929625
            ],
            [
              10.75088,
              53.9929469
            ],
            [
              10.7509809,
              53.9930422
            ],
            [
              10.751171,
              53.99366
            ],
            [
              10.7512881,
              53.9937965
            ],
            [
              10.7515663,
              53.9939493
            ],
            [
              10.752556,
              53.9941019
            ],
            [
              10.7528504,
              53.9941841
            ],
            [
              10.7531681,
              53.9943019
            ],
            [
              10.7534571,
              53.9945288
            ],
            [
              10.7535662,
              53.9944553
            ],
            [
              10.7535997,
              53.9941525
            ],
            [
              10.7538271,
              53.9936336
            ],
            [
              10.7538228,
              53.9938339
            ],
            [
              10.7540151,
              53.9939698
            ],
            [
              10.7540814,
              53.9941328
            ],
            [
              10.7540929,
              53.9943236
            ],
            [
              10.7545311,
              53.9949969
            ],
            [
              10.7547232,
              53.9954381
            ],
            [
              10.7547538,
              53.9958496
            ],
            [
              10.7547796,
              53.9961621
            ]
          ]
        ]
      },
      "id": "way/4317710"
    },
    {
      "type": "Feature",
      "properties": {
        "@id": "way/30013051",
        "created_by": "Potlatch 0.10f",
        "natural": "water"
      },
      "geometry": {
        "type": "Polygon",
        "coordinates": [
          [
            [
              10.7833707,
              53.9918896
            ],
            [
              10.7828987,
              53.9914808
            ],
            [
              10.7827098,
              53.9914001
            ],
            [
              10.7830102,
              53.991279
            ],
            [
              10.783139,
              53.9914354
            ],
            [
              10.7834136,
              53.99139
            ],
            [
              10.783551,
              53.9914001
            ],
            [
              10.7834823,
              53.9912336
            ],
            [
              10.7836282,
              53.9911882
            ],
            [
              10.7840145,
              53.9916019
            ],
            [
              10.7833707,
              53.9918896
            ]
          ]
        ]
      },
      "id": "way/30013051"
    },
    {
      "type": "Feature",
      "properties": {
        "@id": "way/34569414",
        "natural": "water"
      },
      "geometry": {
        "type": "Polygon",
        "coordinates": [
          [
            [
              10.7428052,
              54.0030456
            ],
            [
              10.7432757,
              54.0027712
            ],
            [
              10.7432668,
              54.0024831
            ],
            [
              10.7433737,
              54.0023443
            ],
            [
              10.743648,
              54.0024622
            ],
            [
              10.7443597,
              54.0030676
            ],
            [
              10.7441443,
              54.0037721
            ],
            [
              10.7437229,
              54.0039923
            ],
            [
              10.7433374,
              54.0038599
            ],
            [
              10.7429129,
              54.003452
            ],
            [
              10.7427811,
              54.0034809
            ],
            [
              10.7427166,
              54.0039698
            ],
            [
              10.7425181,
              54.0040152
            ],
            [
              10.7423389,
              54.0039744
            ],
            [
              10.7422151,
              54.003329
            ],
            [
              10.7419564,
              54.0030807
            ],
            [
              10.7419701,
              54.0028917
            ],
            [
              10.7423355,
              54.0028864
            ],
            [
              10.7426474,
              54.0030671
            ],
            [
              10.7428052,
              54.0030456
            ]
          ]
        ]
      },
      "id": "way/34569414"
    },
    {
      "type": "Feature",
      "properties": {
        "@id": "way/35182058",
        "natural": "water"
      },
      "geometry": {
        "type": "Polygon",
        "coordinates": [
          [
            [
              10.7593876,
              53.9919063
            ],
            [
              10.7593645,
              53.9918387
            ],
            [
              10.7593982,
              53.9917706
            ],
            [
              10.759539,
              53.9917189
            ],
            [
              10.7598557,
              53.9917137
            ],
            [
              10.760509,
              53.991626
            ],
            [
              10.7605848,
              53.9916892
            ],
            [
              10.7605102,
              53.9917956
            ],
            [
              10.7602451,
              53.99193
            ],
            [
              10.7600053,
              53.9920154
            ],
            [
              10.7599349,
              53.9921051
            ],
            [
              10.759778,
              53.9921818
            ],
            [
              10.7596893,
              53.9921899
            ],
            [
              10.7594148,
              53.9921233
            ],
            [
              10.7593194,
              53.9921099
            ],
            [
              10.7592883,
              53.99209
            ],
            [
              10.7592966,
              53.9920691
            ],
            [
              10.7593876,
              53.9919063
            ]
          ]
        ]
      },
      "id": "way/35182058"
    },
    {
      "type": "Feature",
      "properties": {
        "@id": "way/64415563",
        "natural": "water"
      },
      "geometry": {
        "type": "Polygon",
        "coordinates": [
          [
            [
              10.7433593,
              54.0022315
            ],
            [
              10.7433522,
              54.0019415
            ],
            [
              10.7434895,
              54.0016374
            ],
            [
              10.7437686,
              54.001315
            ],
            [
              10.7443664,
              54.0012129
            ],
            [
              10.7442841,
              54.0015131
            ],
            [
              10.7438667,
              54.0018086
            ],
            [
              10.7433593,
              54.0022315
            ]
          ]
        ]
      },
      "id": "way/64415563"
    },
    {
      "type": "Feature",
      "properties": {
        "@id": "way/72613015",
        "natural": "water"
      },
      "geometry": {
        "type": "Polygon",
        "coordinates": [
          [
            [
              10.7658652,
              53.9864895
            ],
            [
              10.7658672,
              53.9864452
            ],
            [
              10.7659262,
              53.9864356
            ],
            [
              10.7659644,
              53.9864575
            ],
            [
              10.7659359,
              53.9864981
            ],
            [
              10.7658652,
              53.9864895
            ]
          ]
        ]
      },
      "id": "way/72613015"
    },
    {
      "type": "Feature",
      "properties": {
        "@id": "way/136489418",
        "natural": "water"
      },
      "geometry": {
        "type": "Polygon",
        "coordinates": [
          [
            [
              10.7637986,
              53.9977542
            ],
            [
              10.7638938,
              53.9976838
            ],
            [
              10.7639015,
              53.9976163
            ],
            [
              10.7638287,
              53.9975375
            ],
            [
              10.7637828,
              53.9974812
            ],
            [
              10.7637062,
              53.9974452
            ],
            [
              10.7637177,
              53.9974182
            ],
            [
              10.7637943,
              53.9973979
            ],
            [
              10.7639551,
              53.9974452
            ],
            [
              10.7640738,
              53.9975217
            ],
            [
              10.7641275,
              53.9976275
            ],
            [
              10.7640241,
              53.9977626
            ],
            [
              10.7638249,
              53.9978504
            ],
            [
              10.7636829,
              53.9978855
            ],
            [
              10.7636492,
              53.9978645
            ],
            [
              10.7636914,
              53.997815
            ],
            [
              10.7637986,
              53.9977542
            ]
          ]
        ]
      },
      "id": "way/136489418"
    },
    {
      "type": "Feature",
      "properties": {
        "@id": "way/136489419",
        "natural": "water"
      },
      "geometry": {
        "type": "Polygon",
        "coordinates": [
          [
            [
              10.7681755,
              53.9912511
            ],
            [
              10.768067,
              53.9911917
            ],
            [
              10.7679022,
              53.9910113
            ],
            [
              10.7678049,
              53.9909034
            ],
            [
              10.7675092,
              53.9908286
            ],
            [
              10.7670974,
              53.9906811
            ],
            [
              10.7669065,
              53.9906393
            ],
            [
              10.7668597,
              53.9906206
            ],
            [
              10.7668129,
              53.9906019
            ],
            [
              10.766899,
              53.9905931
            ],
            [
              10.7671959,
              53.9906026
            ],
            [
              10.7674867,
              53.9906547
            ],
            [
              10.767891,
              53.9907185
            ],
            [
              10.7681605,
              53.9908066
            ],
            [
              10.7683028,
              53.9908682
            ],
            [
              10.7684238,
              53.9912236
            ],
            [
              10.7684376,
              53.9912643
            ],
            [
              10.7683777,
              53.9912709
            ],
            [
              10.7681755,
              53.9912511
            ]
          ]
        ]
      },
      "id": "way/136489419"
    },
    {
      "type": "Feature",
      "properties": {
        "@id": "way/160138347",
        "natural": "water"
      },
      "geometry": {
        "type": "Polygon",
        "coordinates": [
          [
            [
              10.7463376,
              53.9867131
            ],
            [
              10.7463278,
              53.9867181
            ],
            [
              10.7461862,
              53.9867167
            ],
            [
              10.7461337,
              53.9866944
            ],
            [
              10.746135,
              53.9866485
            ],
            [
              10.7461899,
              53.9866104
            ],
            [
              10.7462912,
              53.9866047
            ],
            [
              10.7464096,
              53.9866112
            ],
            [
              10.7464377,
              53.9866219
            ],
            [
              10.7463803,
              53.9866851
            ],
            [
              10.7463376,
              53.9867131
            ]
          ]
        ]
      },
      "id": "way/160138347"
    },
    {
      "type": "Feature",
      "properties": {
        "@id": "way/160138348",
        "natural": "water"
      },
      "geometry": {
        "type": "Polygon",
        "coordinates": [
          [
            [
              10.7499308,
              53.9875404
            ],
            [
              10.7497147,
              53.9875492
            ],
            [
              10.7496694,
              53.9875287
            ],
            [
              10.7496014,
              53.9873881
            ],
            [
              10.7496788,
              53.9872156
            ],
            [
              10.7497417,
              53.9872042
            ],
            [
              10.7498041,
              53.9871584
            ],
            [
              10.7498862,
              53.9872504
            ],
            [
              10.7500384,
              53.9873364
            ],
            [
              10.749975,
              53.9874297
            ],
            [
              10.7499995,
              53.9874625
            ],
            [
              10.7499308,
              53.9875404
            ]
          ]
        ]
      },
      "id": "way/160138348"
    },
    {
      "type": "Feature",
      "properties": {
        "@id": "way/160138349",
        "natural": "water"
      },
      "geometry": {
        "type": "Polygon",
        "coordinates": [
          [
            [
              10.7468901,
              53.9865653
            ],
            [
              10.7471733,
              53.9865897
            ],
            [
              10.7474956,
              53.9866255
            ],
            [
              10.747769,
              53.9866571
            ],
            [
              10.7479374,
              53.9866571
            ],
            [
              10.7479155,
              53.9867031
            ],
            [
              10.7478569,
              53.9867217
            ],
            [
              10.7477421,
              53.9867031
            ],
            [
              10.7472905,
              53.9866557
            ],
            [
              10.747,
              53.9866184
            ],
            [
              10.7468266,
              53.9866184
            ],
            [
              10.746685,
              53.9866126
            ],
            [
              10.7466191,
              53.9865839
            ],
            [
              10.7466802,
              53.9865595
            ],
            [
              10.7468901,
              53.9865653
            ]
          ]
        ]
      },
      "id": "way/160138349"
    },
    {
      "type": "Feature",
      "properties": {
        "@id": "way/172029525",
        "natural": "water"
      },
      "geometry": {
        "type": "Polygon",
        "coordinates": [
          [
            [
              10.7808663,
              54.0008188
            ],
            [
              10.7809372,
              54.000759
            ],
            [
              10.7809669,
              54.0007702
            ],
            [
              10.7811599,
              54.0006218
            ],
            [
              10.7812649,
              54.0006732
            ],
            [
              10.7812709,
              54.0007113
            ],
            [
              10.7812602,
              54.0007652
            ],
            [
              10.7812334,
              54.0007861
            ],
            [
              10.7811157,
              54.0008386
            ],
            [
              10.7809836,
              54.0008729
            ],
            [
              10.7808663,
              54.0008188
            ]
          ]
        ]
      },
      "id": "way/172029525"
    },
    {
      "type": "Feature",
      "properties": {
        "@id": "way/208416063",
        "natural": "water"
      },
      "geometry": {
        "type": "Polygon",
        "coordinates": [
          [
            [
              10.7406194,
              53.9828729
            ],
            [
              10.7404293,
              53.982669
            ],
            [
              10.7404436,
              53.9826285
            ],
            [
              10.74056,
              53.9825614
            ],
            [
              10.7407215,
              53.9826327
            ],
            [
              10.7408878,
              53.9827626
            ],
            [
              10.7408807,
              53.9827891
            ],
            [
              10.7406503,
              53.9828785
            ],
            [
              10.7406194,
              53.9828729
            ]
          ]
        ]
      },
      "id": "way/208416063"
    },
    {
      "type": "Feature",
      "properties": {
        "@id": "way/231560847",
        "natural": "water"
      },
      "geometry": {
        "type": "Polygon",
        "coordinates": [
          [
            [
              10.7532927,
              54.0036159
            ],
            [
              10.7531414,
              54.0035319
            ],
            [
              10.753133,
              54.0034627
            ],
            [
              10.7531077,
              54.0034347
            ],
            [
              10.7529648,
              54.00341
            ],
            [
              10.752926,
              54.0033509
            ],
            [
              10.7529648,
              54.0032699
            ],
            [
              10.7530045,
              54.0032002
            ],
            [
              10.7531536,
              54.0031772
            ],
            [
              10.7532633,
              54.0032166
            ],
            [
              10.7533679,
              54.0032537
            ],
            [
              10.7533992,
              54.0033523
            ],
            [
              10.7533319,
              54.0034462
            ],
            [
              10.7533418,
              54.003496
            ],
            [
              10.753374,
              54.0035516
            ],
            [
              10.7533712,
              54.0035961
            ],
            [
              10.7532927,
              54.0036159
            ]
          ]
        ]
      },
      "id": "way/231560847"
    },
    {
      "type": "Feature",
      "properties": {
        "@id": "way/231560850",
        "natural": "water"
      },
      "geometry": {
        "type": "Polygon",
        "coordinates": [
          [
            [
              10.7460054,
              54.0020281
            ],
            [
              10.7462313,
              54.0019908
            ],
            [
              10.7464137,
              54.0019838
            ],
            [
              10.7465524,
              54.0020118
            ],
            [
              10.7465722,
              54.0020467
            ],
            [
              10.7465445,
              54.002112
            ],
            [
              10.7464058,
              54.0021493
            ],
            [
              10.7462076,
              54.0021935
            ],
            [
              10.7461243,
              54.0022052
            ],
            [
              10.7459618,
              54.0022448
            ],
            [
              10.7457914,
              54.0022937
            ],
            [
              10.7456328,
              54.0023053
            ],
            [
              10.745506,
              54.002289
            ],
            [
              10.7454743,
              54.0022215
            ],
            [
              10.7456962,
              54.0021166
            ],
            [
              10.7459765,
              54.0020364
            ],
            [
              10.7460054,
              54.0020281
            ]
          ]
        ]
      },
      "id": "way/231560850"
    },
    {
      "type": "Feature",
      "properties": {
        "@id": "way/243329403",
        "natural": "water"
      },
      "geometry": {
        "type": "Polygon",
        "coordinates": [
          [
            [
              10.7625618,
              53.9974112
            ],
            [
              10.7626154,
              53.997378
            ],
            [
              10.7627503,
              53.9973293
            ],
            [
              10.7628573,
              53.9973443
            ],
            [
              10.7629454,
              53.9973934
            ],
            [
              10.7628133,
              53.9975409
            ],
            [
              10.7627635,
              53.9975966
            ],
            [
              10.7626477,
              53.9976178
            ],
            [
              10.7625249,
              53.9975938
            ],
            [
              10.762456,
              53.9975298
            ],
            [
              10.7625618,
              53.9974112
            ]
          ]
        ]
      },
      "id": "way/243329403"
    },
    {
      "type": "Feature",
      "properties": {
        "@id": "way/246182713",
        "natural": "water"
      },
      "geometry": {
        "type": "Polygon",
        "coordinates": [
          [
            [
              10.7645592,
              53.9904747
            ],
            [
              10.7646478,
              53.9904803
            ],
            [
              10.7647699,
              53.9904916
            ],
            [
              10.7648202,
              53.9905507
            ],
            [
              10.7648106,
              53.9906154
            ],
            [
              10.7647955,
              53.9906509
            ],
            [
              10.7647771,
              53.9906943
            ],
            [
              10.7647149,
              53.9907323
            ],
            [
              10.7645568,
              53.9907323
            ],
            [
              10.7643749,
              53.9906816
            ],
            [
              10.7643749,
              53.9906046
            ],
            [
              10.7643749,
              53.9905408
            ],
            [
              10.7645592,
              53.9904747
            ]
          ]
        ]
      },
      "id": "way/246182713"
    },
    {
      "type": "Feature",
      "properties": {
        "@id": "way/315121237",
        "golf": "bunker"
      },
      "geometry": {
        "type": "Polygon",
        "coordinates": [
          [
            [
              10.7464096,
              54.0089052
            ],
            [
              10.7463965,
              54.0088907
            ],
            [
              10.7463975,
              54.0088737
            ],
            [
              10.7464358,
              54.0088461
            ],
            [
              10.7464616,
              54.0088194
            ],
            [
              10.7464988,
              54.0088012
            ],
            [
              10.7465286,
              54.008802
            ],
            [
              10.7465567,
              54.0088137
            ],
            [
              10.7465849,
              54.0088328
            ],
            [
              10.7465789,
              54.0088603
            ],
            [
              10.7465534,
              54.0088678
            ],
            [
              10.7465289,
              54.0088673
            ],
            [
              10.7465105,
              54.0088911
            ],
            [
              10.7464919,
              54.0089074
            ],
            [
              10.7464749,
              54.0089127
            ],
            [
              10.7464537,
              54.0089129
            ],
            [
              10.7464096,
              54.0089052
            ]
          ]
        ]
      },
      "id": "way/315121237"
    },
    {
      "type": "Feature",
      "properties": {
        "@id": "way/315121241",
        "golf": "green"
      },
      "geometry": {
        "type": "Polygon",
        "coordinates": [
          [
            [
              10.7501469,
              53.9990054
            ],
            [
              10.750038,
              53.9989971
            ],
            [
              10.7499678,
              53.9989744
            ],
            [
              10.7499607,
              53.9989187
            ],
            [
              10.7500029,
              53.9988671
            ],
            [
              10.7501012,
              53.9988464
            ],
            [
              10.7502768,
              53.998832
            ],
            [
              10.750347,
              53.9988836
            ],
            [
              10.750333,
              53.9989414
            ],
            [
              10.7502487,
              53.9989889
            ],
            [
              10.7501469,
              53.9990054
            ]
          ]
        ]
      },
      "id": "way/315121241"
    },
    {
      "type": "Feature",
      "properties": {
        "@id": "way/315121242",
        "golf": "bunker"
      },
      "geometry": {
        "type": "Polygon",
        "coordinates": [
          [
            [
              10.7458014,
              54.0087272
            ],
            [
              10.7457889,
              54.0087535
            ],
            [
              10.7457219,
              54.008752
            ],
            [
              10.7456896,
              54.0087214
            ],
            [
              10.7457144,
              54.0086864
            ],
            [
              10.7457517,
              54.0086513
            ],
            [
              10.7458014,
              54.0086382
            ],
            [
              10.7458535,
              54.0086615
            ],
            [
              10.7458734,
              54.008698
            ],
            [
              10.7458386,
              54.0087097
            ],
            [
              10.7458014,
              54.0087272
            ]
          ]
        ]
      },
      "id": "way/315121242"
    },
    {
      "type": "Feature",
      "properties": {
        "@id": "way/315121243",
        "golf": "green"
      },
      "geometry": {
        "type": "Polygon",
        "coordinates": [
          [
            [
              10.7536644,
              53.9990108
            ],
            [
              10.7535866,
              53.9990102
            ],
            [
              10.7534971,
              53.9989847
            ],
            [
              10.7534128,
              53.9989249
            ],
            [
              10.7534198,
              53.9988815
            ],
            [
              10.7535112,
              53.998834
            ],
            [
              10.7536446,
              53.9988134
            ],
            [
              10.7537605,
              53.9988196
            ],
            [
              10.7538413,
              53.9988795
            ],
            [
              10.7538132,
              53.9989744
            ],
            [
              10.7537429,
              53.9989889
            ],
            [
              10.7536644,
              53.9990108
            ]
          ]
        ]
      },
      "id": "way/315121243"
    },
    {
      "type": "Feature",
      "properties": {
        "@id": "way/315121244",
        "golf": "green"
      },
      "geometry": {
        "type": "Polygon",
        "coordinates": [
          [
            [
              10.7527105,
              53.9990178
            ],
            [
              10.7526192,
              53.9990363
            ],
            [
              10.7525524,
              53.9990384
            ],
            [
              10.7524787,
              53.9990157
            ],
            [
              10.7524401,
              53.9989827
            ],
            [
              10.7524295,
              53.9989249
            ],
            [
              10.7524752,
              53.9988939
            ],
            [
              10.7525665,
              53.9988939
            ],
            [
              10.7526718,
              53.9988939
            ],
            [
              10.7527386,
              53.9989269
            ],
            [
              10.7527702,
              53.9989662
            ],
            [
              10.7527105,
              53.9990178
            ]
          ]
        ]
      },
      "id": "way/315121244"
    },
    {
      "type": "Feature",
      "properties": {
        "@id": "way/315121245",
        "golf": "green"
      },
      "geometry": {
        "type": "Polygon",
        "coordinates": [
          [
            [
              10.747048,
              54.0087625
            ],
            [
              10.7469426,
              54.0087605
            ],
            [
              10.7469075,
              54.0087192
            ],
            [
              10.7469005,
              54.0086305
            ],
            [
              10.7469251,
              54.0085747
            ],
            [
              10.7469988,
              54.0085314
            ],
            [
              10.7470726,
              54.0085458
            ],
            [
              10.7471358,
              54.0085665
            ],
            [
              10.7471744,
              54.0086325
            ],
            [
              10.7471674,
              54.0087213
            ],
            [
              10.7471217,
              54.0087563
            ],
            [
              10.747048,
              54.0087625
            ]
          ]
        ]
      },
      "id": "way/315121245"
    },
    {
      "type": "Feature",
      "properties": {
        "@id": "way/315121247",
        "golf": "green"
      },
      "geometry": {
        "type": "Polygon",
        "coordinates": [
          [
            [
              10.7469848,
              54.0094725
            ],
            [
              10.7468513,
              54.0094725
            ],
            [
              10.7467635,
              54.0094518
            ],
            [
              10.7467073,
              54.0094126
            ],
            [
              10.7467073,
              54.0093548
            ],
            [
              10.7467951,
              54.0092888
            ],
            [
              10.7469145,
              54.0092764
            ],
            [
              10.747041,
              54.0092929
            ],
            [
              10.7471252,
              54.009359
            ],
            [
              10.7471147,
              54.0094353
            ],
            [
              10.747062,
              54.0094621
            ],
            [
              10.7469848,
              54.0094725
            ]
          ]
        ]
      },
      "id": "way/315121247"
    },
    {
      "type": "Feature",
      "properties": {
        "@id": "way/315121248",
        "golf": "bunker"
      },
      "geometry": {
        "type": "Polygon",
        "coordinates": [
          [
            [
              10.7473302,
              54.0087325
            ],
            [
              10.7472856,
              54.0087445
            ],
            [
              10.7472391,
              54.0087418
            ],
            [
              10.7472128,
              54.008709
            ],
            [
              10.7472532,
              54.0086781
            ],
            [
              10.7472969,
              54.0086509
            ],
            [
              10.7472749,
              54.0086262
            ],
            [
              10.7472444,
              54.0086182
            ],
            [
              10.7472252,
              54.0085997
            ],
            [
              10.7472516,
              54.008566
            ],
            [
              10.7473012,
              54.0085565
            ],
            [
              10.7473554,
              54.0085695
            ],
            [
              10.7473732,
              54.0085827
            ],
            [
              10.7474082,
              54.0086229
            ],
            [
              10.7473824,
              54.0086792
            ],
            [
              10.7473302,
              54.0087325
            ]
          ]
        ]
      },
      "id": "way/315121248"
    },
    {
      "type": "Feature",
      "properties": {
        "@id": "way/315121249",
        "golf": "green"
      },
      "geometry": {
        "type": "Polygon",
        "coordinates": [
          [
            [
              10.7472208,
              54.0044805
            ],
            [
              10.7471265,
              54.0044746
            ],
            [
              10.7470296,
              54.0044294
            ],
            [
              10.7470122,
              54.0043783
            ],
            [
              10.747047,
              54.0043126
            ],
            [
              10.7471314,
              54.0042849
            ],
            [
              10.7472606,
              54.0042616
            ],
            [
              10.7473698,
              54.004263
            ],
            [
              10.7474393,
              54.0043287
            ],
            [
              10.7474145,
              54.0044017
            ],
            [
              10.7473524,
              54.0044571
            ],
            [
              10.7472755,
              54.0044717
            ],
            [
              10.7472208,
              54.0044805
            ]
          ]
        ]
      },
      "id": "way/315121249"
    },
    {
      "type": "Feature",
      "properties": {
        "@id": "way/315121250",
        "golf": "water_hazard",
        "natural": "water"
      },
      "geometry": {
        "type": "Polygon",
        "coordinates": [
          [
            [
              10.7466953,
              54.0072716
            ],
            [
              10.7466804,
              54.007184
            ],
            [
              10.7466705,
              54.0070818
            ],
            [
              10.746745,
              54.007003
            ],
            [
              10.7468046,
              54.0069359
            ],
            [
              10.7470771,
              54.0068184
            ],
            [
              10.7472695,
              54.0066212
            ],
            [
              10.7473178,
              54.0066126
            ],
            [
              10.7473741,
              54.0066275
            ],
            [
              10.7474238,
              54.0066614
            ],
            [
              10.747405,
              54.0067182
            ],
            [
              10.7473554,
              54.0068277
            ],
            [
              10.7473111,
              54.006825
            ],
            [
              10.7472615,
              54.0069155
            ],
            [
              10.7470479,
              54.0071052
            ],
            [
              10.7469635,
              54.0072161
            ],
            [
              10.7468642,
              54.0072803
            ],
            [
              10.7467499,
              54.0072891
            ],
            [
              10.7466953,
              54.0072716
            ]
          ]
        ]
      },
      "id": "way/315121250"
    },
    {
      "type": "Feature",
      "properties": {
        "@id": "way/315121258",
        "golf": "water_hazard",
        "natural": "water"
      },
      "geometry": {
        "type": "Polygon",
        "coordinates": [
          [
            [
              10.751031,
              54.0081501
            ],
            [
              10.7509118,
              54.0081413
            ],
            [
              10.7509019,
              54.0080538
            ],
            [
              10.7509118,
              54.0079604
            ],
            [
              10.7510062,
              54.007902
            ],
            [
              10.7511998,
              54.0079166
            ],
            [
              10.7512346,
              54.0079895
            ],
            [
              10.7512197,
              54.0080596
            ],
            [
              10.751031,
              54.0081501
            ]
          ]
        ]
      },
      "id": "way/315121258"
    },
    {
      "type": "Feature",
      "properties": {
        "@id": "way/315121259",
        "golf": "water_hazard",
        "natural": "water"
      },
      "geometry": {
        "type": "Polygon",
        "coordinates": [
          [
            [
              10.7496205,
              54.0083865
            ],
            [
              10.7495113,
              54.0083485
            ],
            [
              10.7494566,
              54.0082697
            ],
            [
              10.7494765,
              54.0081384
            ],
            [
              10.7495411,
              54.0080975
            ],
            [
              10.7497546,
              54.008115
            ],
            [
              10.7498341,
              54.0082084
            ],
            [
              10.7498341,
              54.0082872
            ],
            [
              10.7497298,
              54.0083602
            ],
            [
              10.7496205,
              54.0083865
            ]
          ]
        ]
      },
      "id": "way/315121259"
    },
    {
      "type": "Feature",
      "properties": {
        "@id": "way/315121260",
        "golf": "green"
      },
      "geometry": {
        "type": "Polygon",
        "coordinates": [
          [
            [
              10.7540028,
              53.9993914
            ],
            [
              10.7538307,
              53.99941
            ],
            [
              10.7536973,
              53.9993873
            ],
            [
              10.7536762,
              53.9993274
            ],
            [
              10.7537359,
              53.9992696
            ],
            [
              10.7538623,
              53.9992469
            ],
            [
              10.7540309,
              53.9992448
            ],
            [
              10.7541327,
              53.9992964
            ],
            [
              10.7541082,
              53.9993707
            ],
            [
              10.7540028,
              53.9993914
            ]
          ]
        ]
      },
      "id": "way/315121260"
    },
    {
      "type": "Feature",
      "properties": {
        "@id": "way/315121261",
        "golf": "bunker"
      },
      "geometry": {
        "type": "Polygon",
        "coordinates": [
          [
            [
              10.7466642,
              54.0091441
            ],
            [
              10.7466021,
              54.0091441
            ],
            [
              10.7465699,
              54.0091324
            ],
            [
              10.74655,
              54.0091018
            ],
            [
              10.7465773,
              54.009074
            ],
            [
              10.7466617,
              54.0090551
            ],
            [
              10.7467164,
              54.0090697
            ],
            [
              10.7467164,
              54.0091047
            ],
            [
              10.7466891,
              54.009131
            ],
            [
              10.7466642,
              54.0091441
            ]
          ]
        ]
      },
      "id": "way/315121261"
    },
    {
      "type": "Feature",
      "properties": {
        "@id": "way/315126255",
        "golf": "green"
      },
      "geometry": {
        "type": "Polygon",
        "coordinates": [
          [
            [
              10.7557418,
              53.9978921
            ],
            [
              10.755706,
              53.9979037
            ],
            [
              10.7556665,
              53.9979101
            ],
            [
              10.7555685,
              53.9979134
            ],
            [
              10.7554686,
              53.9978767
            ],
            [
              10.7554538,
              53.9978388
            ],
            [
              10.7554716,
              53.9978036
            ],
            [
              10.7555085,
              53.9977836
            ],
            [
              10.7555588,
              53.9977571
            ],
            [
              10.7556115,
              53.9977441
            ],
            [
              10.7557125,
              53.9977303
            ],
            [
              10.7557728,
              53.9977459
            ],
            [
              10.7558095,
              53.9977676
            ],
            [
              10.7558314,
              53.9978108
            ],
            [
              10.755831,
              53.9978525
            ],
            [
              10.7557785,
              53.9978764
            ],
            [
              10.7557418,
              53.9978921
            ]
          ]
        ]
      },
      "id": "way/315126255"
    },
    {
      "type": "Feature",
      "properties": {
        "@id": "way/315126264",
        "golf": "fairway",
        "name": "Loch S-1"
      },
      "geometry": {
        "type": "Polygon",
        "coordinates": [
          [
            [
              10.7551348,
              53.9985431
            ],
            [
              10.7552018,
              53.9984015
            ],
            [
              10.7552813,
              53.9982526
            ],
            [
              10.7553384,
              53.9981475
            ],
            [
              10.7553409,
              53.9980526
            ],
            [
              10.7553533,
              53.997968
            ],
            [
              10.7554328,
              53.9979373
            ],
            [
              10.7555569,
              53.9979475
            ],
            [
              10.7556215,
              53.9980132
            ],
            [
              10.7556842,
              53.99808
            ],
            [
              10.7555942,
              53.9981665
            ],
            [
              10.7555023,
              53.9982424
            ],
            [
              10.7554675,
              53.998311
            ],
            [
              10.7554402,
              53.9984059
            ],
            [
              10.7554601,
              53.9984949
            ],
            [
              10.7553682,
              53.9985679
            ],
            [
              10.7551919,
              53.9985839
            ],
            [
              10.7551348,
              53.9985431
            ]
          ]
        ]
      },
      "id": "way/315126264"
    },
    {
      "type": "Feature",
      "properties": {
        "@id": "way/315126265",
        "golf": "fairway",
        "name": "Loch S-2"
      },
      "geometry": {
        "type": "Polygon",
        "coordinates": [
          [
            [
              10.7539686,
              53.9988962
            ],
            [
              10.7538618,
              53.9988568
            ],
            [
              10.7538196,
              53.9988247
            ],
            [
              10.7537873,
              53.9987984
            ],
            [
              10.7537749,
              53.9987356
            ],
            [
              10.7538792,
              53.9986597
            ],
            [
              10.7540438,
              53.9986113
            ],
            [
              10.7542764,
              53.9985169
            ],
            [
              10.7544602,
              53.9983766
            ],
            [
              10.754644,
              53.9981211
            ],
            [
              10.7547359,
              53.9981007
            ],
            [
              10.7548898,
              53.9981007
            ],
            [
              10.7549469,
              53.9981284
            ],
            [
              10.7549345,
              53.998216
            ],
            [
              10.7549022,
              53.9982656
            ],
            [
              10.7547508,
              53.9985546
            ],
            [
              10.7545273,
              53.9987181
            ],
            [
              10.7543137,
              53.9988334
            ],
            [
              10.7541051,
              53.9988699
            ],
            [
              10.7539686,
              53.9988962
            ]
          ]
        ]
      },
      "id": "way/315126265"
    },
    {
      "type": "Feature",
      "properties": {
        "@id": "way/315126266",
        "golf": "tee",
        "ref": "Tee Box 1H"
      },
      "geometry": {
        "type": "Polygon",
        "coordinates": [
          [
            [
              10.7546049,
              53.9993035
            ],
            [
              10.7546462,
              53.9992199
            ],
            [
              10.7546963,
              53.9992284
            ],
            [
              10.754655,
              53.9993121
            ],
            [
              10.7546049,
              53.9993035
            ]
          ]
        ]
      },
      "id": "way/315126266"
    },
    {
      "type": "Feature",
      "properties": {
        "@id": "way/315126267",
        "golf": "tee",
        "ref": "Tee Box 2D"
      },
      "geometry": {
        "type": "Polygon",
        "coordinates": [
          [
            [
              10.754988,
              53.9978891
            ],
            [
              10.7550293,
              53.9978055
            ],
            [
              10.7550794,
              53.997814
            ],
            [
              10.7550381,
              53.9978977
            ],
            [
              10.754988,
              53.9978891
            ]
          ]
        ]
      },
      "id": "way/315126267"
    },
    {
      "type": "Feature",
      "properties": {
        "@id": "way/315126268",
        "golf": "tee",
        "ref": "Tee Box 2H"
      },
      "geometry": {
        "type": "Polygon",
        "coordinates": [
          [
            [
              10.7550229,
              53.9977536
            ],
            [
              10.7550642,
              53.99767
            ],
            [
              10.7551143,
              53.9976785
            ],
            [
              10.755073,
              53.9977622
            ],
            [
              10.7550229,
              53.9977536
            ]
          ]
        ]
      },
      "id": "way/315126268"
    },
    {
      "type": "Feature",
      "properties": {
        "@id": "way/315126269",
        "golf": "tee",
        "ref": "Tee Box d"
      },
      "geometry": {
        "type": "Polygon",
        "coordinates": [
          [
            [
              10.7548174,
              53.9991303
            ],
            [
              10.7548457,
              53.9990709
            ],
            [
              10.7548997,
              53.9990797
            ],
            [
              10.7548714,
              53.9991392
            ],
            [
              10.7548174,
              53.9991303
            ]
          ]
        ]
      },
      "id": "way/315126269"
    },
    {
      "type": "Feature",
      "properties": {
        "@id": "way/315150878",
        "golf": "water_hazard",
        "natural": "water"
      },
      "geometry": {
        "type": "Polygon",
        "coordinates": [
          [
            [
              10.7430611,
              54.0083097
            ],
            [
              10.7430148,
              54.0082054
            ],
            [
              10.7430765,
              54.0081057
            ],
            [
              10.7433233,
              54.0081103
            ],
            [
              10.7434004,
              54.0081964
            ],
            [
              10.7433078,
              54.0083006
            ],
            [
              10.7432076,
              54.0083187
            ],
            [
              10.7430611,
              54.0083097
            ]
          ]
        ]
      },
      "id": "way/315150878"
    },
    {
      "type": "Feature",
      "properties": {
        "@id": "way/315150879",
        "golf": "water_hazard",
        "natural": "water"
      },
      "geometry": {
        "type": "Polygon",
        "coordinates": [
          [
            [
              10.7483277,
              54.0008456
            ],
            [
              10.7482352,
              54.000832
            ],
            [
              10.7482352,
              54.0007323
            ],
            [
              10.7483431,
              54.0006326
            ],
            [
              10.748505,
              54.0006326
            ],
            [
              10.748613,
              54.0006734
            ],
            [
              10.7485128,
              54.0007776
            ],
            [
              10.7483277,
              54.0008456
            ]
          ]
        ]
      },
      "id": "way/315150879"
    },
    {
      "type": "Feature",
      "properties": {
        "@id": "way/315150880",
        "golf": "water_hazard",
        "natural": "water"
      },
      "geometry": {
        "type": "Polygon",
        "coordinates": [
          [
            [
              10.751173,
              54.0041994
            ],
            [
              10.7510651,
              54.0042583
            ],
            [
              10.7509417,
              54.0042311
            ],
            [
              10.7508646,
              54.0040861
            ],
            [
              10.7508646,
              54.0039365
            ],
            [
              10.7510265,
              54.0038595
            ],
            [
              10.751173,
              54.0038957
            ],
            [
              10.7512424,
              54.0040317
            ],
            [
              10.751173,
              54.0041994
            ]
          ]
        ]
      },
      "id": "way/315150880"
    },
    {
      "type": "Feature",
      "properties": {
        "@id": "way/315151648",
        "golf": "bunker"
      },
      "geometry": {
        "type": "Polygon",
        "coordinates": [
          [
            [
              10.7535659,
              53.9996562
            ],
            [
              10.753562,
              53.9996256
            ],
            [
              10.753589,
              53.9995667
            ],
            [
              10.7536083,
              53.9995339
            ],
            [
              10.7536622,
              53.9995339
            ],
            [
              10.7537008,
              53.9995599
            ],
            [
              10.7536661,
              53.9995928
            ],
            [
              10.7536565,
              53.999629
            ],
            [
              10.7536333,
              53.9996562
            ],
            [
              10.7535986,
              53.999663
            ],
            [
              10.7535659,
              53.9996562
            ]
          ]
        ]
      },
      "id": "way/315151648"
    },
    {
      "type": "Feature",
      "properties": {
        "@id": "way/315151649",
        "golf": "bunker"
      },
      "geometry": {
        "type": "Polygon",
        "coordinates": [
          [
            [
              10.7525034,
              53.9988657
            ],
            [
              10.7524148,
              53.9988657
            ],
            [
              10.7523627,
              53.9988578
            ],
            [
              10.7523531,
              53.9988249
            ],
            [
              10.752436,
              53.9987932
            ],
            [
              10.7524996,
              53.9987932
            ],
            [
              10.7525516,
              53.9987944
            ],
            [
              10.752596,
              53.9988238
            ],
            [
              10.7525902,
              53.9988544
            ],
            [
              10.7525458,
              53.9988589
            ],
            [
              10.7525034,
              53.9988657
            ]
          ]
        ]
      },
      "id": "way/315151649"
    },
    {
      "type": "Feature",
      "properties": {
        "@id": "way/315151650",
        "golf": "green"
      },
      "geometry": {
        "type": "Polygon",
        "coordinates": [
          [
            [
              10.7517434,
              53.9975032
            ],
            [
              10.7517216,
              53.9974451
            ],
            [
              10.7517473,
              53.9973831
            ],
            [
              10.7518051,
              53.9973333
            ],
            [
              10.7519131,
              53.9973106
            ],
            [
              10.7519593,
              53.9973559
            ],
            [
              10.7519825,
              53.9974035
            ],
            [
              10.7519632,
              53.9975055
            ],
            [
              10.7518591,
              53.9975508
            ],
            [
              10.751782,
              53.997535
            ],
            [
              10.7517434,
              53.9975032
            ]
          ]
        ]
      },
      "id": "way/315151650"
    },
    {
      "type": "Feature",
      "properties": {
        "@id": "way/315151651",
        "golf": "bunker"
      },
      "geometry": {
        "type": "Polygon",
        "coordinates": [
          [
            [
              10.7520285,
              53.9974857
            ],
            [
              10.7520247,
              53.9974449
            ],
            [
              10.7520401,
              53.9974143
            ],
            [
              10.7520401,
              53.9973837
            ],
            [
              10.7520806,
              53.9973531
            ],
            [
              10.7521288,
              53.9973531
            ],
            [
              10.752175,
              53.9973882
            ],
            [
              10.7521558,
              53.9974279
            ],
            [
              10.7521191,
              53.9974653
            ],
            [
              10.7520767,
              53.9974925
            ],
            [
              10.7520285,
              53.9974857
            ]
          ]
        ]
      },
      "id": "way/315151651"
    },
    {
      "type": "Feature",
      "properties": {
        "@id": "way/315151652",
        "golf": "bunker"
      },
      "geometry": {
        "type": "Polygon",
        "coordinates": [
          [
            [
              10.7520382,
              53.9977781
            ],
            [
              10.752017,
              53.9977849
            ],
            [
              10.7519861,
              53.9977622
            ],
            [
              10.7519842,
              53.9977282
            ],
            [
              10.7519842,
              53.9977067
            ],
            [
              10.75199,
              53.9976783
            ],
            [
              10.7520266,
              53.9976625
            ],
            [
              10.7520574,
              53.9976625
            ],
            [
              10.7520883,
              53.9976908
            ],
            [
              10.7520864,
              53.9977282
            ],
            [
              10.7520613,
              53.9977611
            ],
            [
              10.7520382,
              53.9977781
            ]
          ]
        ]
      },
      "id": "way/315151652"
    },
    {
      "type": "Feature",
      "properties": {
        "@id": "way/315151653",
        "golf": "bunker"
      },
      "geometry": {
        "type": "Polygon",
        "coordinates": [
          [
            [
              10.7501117,
              53.9988153
            ],
            [
              10.7500545,
              53.9988169
            ],
            [
              10.7499917,
              53.9988217
            ],
            [
              10.7499577,
              53.9988169
            ],
            [
              10.7499318,
              53.9987897
            ],
            [
              10.7499699,
              53.998764
            ],
            [
              10.7500504,
              53.998744
            ],
            [
              10.750124,
              53.9987328
            ],
            [
              10.7501771,
              53.9987328
            ],
            [
              10.7502208,
              53.9987664
            ],
            [
              10.7502044,
              53.9988033
            ],
            [
              10.7501553,
              53.9988089
            ],
            [
              10.7501117,
              53.9988153
            ]
          ]
        ]
      },
      "id": "way/315151653"
    },
    {
      "type": "Feature",
      "properties": {
        "@id": "way/315151654",
        "golf": "bunker"
      },
      "geometry": {
        "type": "Polygon",
        "coordinates": [
          [
            [
              10.7520661,
              53.9996574
            ],
            [
              10.7520333,
              53.9996256
            ],
            [
              10.7520333,
              53.9995996
            ],
            [
              10.7520333,
              53.9995713
            ],
            [
              10.7520622,
              53.9995509
            ],
            [
              10.7521143,
              53.9995407
            ],
            [
              10.7521682,
              53.9995611
            ],
            [
              10.7521682,
              53.9995951
            ],
            [
              10.7521528,
              53.9996143
            ],
            [
              10.7521779,
              53.9996438
            ],
            [
              10.7521547,
              53.9996551
            ],
            [
              10.7521181,
              53.9996642
            ],
            [
              10.7520661,
              53.9996574
            ]
          ]
        ]
      },
      "id": "way/315151654"
    },
    {
      "type": "Feature",
      "properties": {
        "@id": "way/315151656",
        "golf": "bunker"
      },
      "geometry": {
        "type": "Polygon",
        "coordinates": [
          [
            [
              10.7523203,
              53.9990459
            ],
            [
              10.7522721,
              53.9990258
            ],
            [
              10.7522499,
              53.9989887
            ],
            [
              10.7522519,
              53.9989587
            ],
            [
              10.7523049,
              53.9989394
            ],
            [
              10.7523473,
              53.9989394
            ],
            [
              10.7523752,
              53.998987
            ],
            [
              10.7524032,
              53.998998
            ],
            [
              10.7524282,
              53.9990164
            ],
            [
              10.7524591,
              53.9990346
            ],
            [
              10.7524591,
              53.9990572
            ],
            [
              10.7524225,
              53.9990618
            ],
            [
              10.7523801,
              53.9990561
            ],
            [
              10.7523203,
              53.9990459
            ]
          ]
        ]
      },
      "id": "way/315151656"
    },
    {
      "type": "Feature",
      "properties": {
        "@id": "way/315151657",
        "golf": "bunker"
      },
      "geometry": {
        "type": "Polygon",
        "coordinates": [
          [
            [
              10.7556038,
              53.9979538
            ],
            [
              10.7556324,
              53.9979366
            ],
            [
              10.7556774,
              53.9979342
            ],
            [
              10.755721,
              53.997947
            ],
            [
              10.7557578,
              53.9979326
            ],
            [
              10.7558001,
              53.9979222
            ],
            [
              10.7558287,
              53.997935
            ],
            [
              10.7558301,
              53.9979646
            ],
            [
              10.7557973,
              53.9979822
            ],
            [
              10.7557483,
              53.9980007
            ],
            [
              10.7556992,
              53.9980039
            ],
            [
              10.7556747,
              53.9980055
            ],
            [
              10.7556269,
              53.9979871
            ],
            [
              10.7556133,
              53.997971
            ],
            [
              10.7556038,
              53.9979538
            ]
          ]
        ]
      },
      "id": "way/315151657"
    },
    {
      "type": "Feature",
      "properties": {
        "@id": "way/315151658",
        "golf": "bunker"
      },
      "geometry": {
        "type": "Polygon",
        "coordinates": [
          [
            [
              10.7531495,
              53.9994965
            ],
            [
              10.7530916,
              53.9995044
            ],
            [
              10.7530608,
              53.9995282
            ],
            [
              10.7530222,
              53.999552
            ],
            [
              10.752976,
              53.9995486
            ],
            [
              10.7529644,
              53.9995191
            ],
            [
              10.7530222,
              53.9994783
            ],
            [
              10.753109,
              53.9994557
            ],
            [
              10.7532227,
              53.9994375
            ],
            [
              10.7532825,
              53.9994511
            ],
            [
              10.7533172,
              53.9994795
            ],
            [
              10.7532902,
              53.9995021
            ],
            [
              10.7532304,
              53.9994987
            ],
            [
              10.7531803,
              53.9994953
            ],
            [
              10.7531495,
              53.9994965
            ]
          ]
        ]
      },
      "id": "way/315151658"
    },
    {
      "type": "Feature",
      "properties": {
        "@id": "way/315151659",
        "golf": "bunker"
      },
      "geometry": {
        "type": "Polygon",
        "coordinates": [
          [
            [
              10.7527948,
              54.0002047
            ],
            [
              10.7527765,
              54.0001831
            ],
            [
              10.7527866,
              54.0001606
            ],
            [
              10.7528022,
              54.0001431
            ],
            [
              10.7528186,
              54.0001194
            ],
            [
              10.7528124,
              54.0000915
            ],
            [
              10.7528311,
              54.0000857
            ],
            [
              10.7528499,
              54.0000982
            ],
            [
              10.7528823,
              54.0001127
            ],
            [
              10.7528931,
              54.0001219
            ],
            [
              10.7528994,
              54.0001421
            ],
            [
              10.752895,
              54.0001616
            ],
            [
              10.7528873,
              54.0001809
            ],
            [
              10.7528827,
              54.0001992
            ],
            [
              10.752868,
              54.0002081
            ],
            [
              10.7528256,
              54.0002081
            ],
            [
              10.7527948,
              54.0002047
            ]
          ]
        ]
      },
      "id": "way/315151659"
    },
    {
      "type": "Feature",
      "properties": {
        "@id": "way/315151660",
        "golf": "bunker"
      },
      "geometry": {
        "type": "Polygon",
        "coordinates": [
          [
            [
              10.749531,
              53.998998
            ],
            [
              10.7494901,
              53.9989868
            ],
            [
              10.7494479,
              53.9989884
            ],
            [
              10.7494356,
              53.9989683
            ],
            [
              10.7494547,
              53.9989267
            ],
            [
              10.7494888,
              53.9989018
            ],
            [
              10.7495596,
              53.9988762
            ],
            [
              10.7496183,
              53.998881
            ],
            [
              10.7497109,
              53.9989074
            ],
            [
              10.7496987,
              53.9989371
            ],
            [
              10.7496564,
              53.9989427
            ],
            [
              10.7496401,
              53.9989635
            ],
            [
              10.749666,
              53.9989844
            ],
            [
              10.7496414,
              53.9990116
            ],
            [
              10.7496101,
              53.9990116
            ],
            [
              10.7495474,
              53.9990012
            ],
            [
              10.749531,
              53.998998
            ]
          ]
        ]
      },
      "id": "way/315151660"
    },
    {
      "type": "Feature",
      "properties": {
        "@id": "way/315151661",
        "golf": "bunker"
      },
      "geometry": {
        "type": "Polygon",
        "coordinates": [
          [
            [
              10.7526557,
              53.9991139
            ],
            [
              10.752594,
              53.9991014
            ],
            [
              10.7525709,
              53.999089
            ],
            [
              10.7525748,
              53.9990572
            ],
            [
              10.7526307,
              53.9990516
            ],
            [
              10.7526962,
              53.9990459
            ],
            [
              10.7527213,
              53.999072
            ],
            [
              10.7526962,
              53.9990969
            ],
            [
              10.7526557,
              53.9991139
            ]
          ]
        ]
      },
      "id": "way/315151661"
    },
    {
      "type": "Feature",
      "properties": {
        "@id": "way/315151662",
        "golf": "bunker"
      },
      "geometry": {
        "type": "Polygon",
        "coordinates": [
          [
            [
              10.7531552,
              54.0003233
            ],
            [
              10.753161,
              54.0002893
            ],
            [
              10.753188,
              54.0002644
            ],
            [
              10.75324,
              54.0002564
            ],
            [
              10.7532593,
              54.0002746
            ],
            [
              10.7532593,
              54.0003131
            ],
            [
              10.753242,
              54.0003301
            ],
            [
              10.7532092,
              54.0003414
            ],
            [
              10.7531783,
              54.0003391
            ],
            [
              10.7531552,
              54.0003233
            ]
          ]
        ]
      },
      "id": "way/315151662"
    },
    {
      "type": "Feature",
      "properties": {
        "@id": "way/315151663",
        "golf": "bunker"
      },
      "geometry": {
        "type": "Polygon",
        "coordinates": [
          [
            [
              10.753375,
              53.9997809
            ],
            [
              10.7533153,
              53.9997797
            ],
            [
              10.753269,
              53.9997696
            ],
            [
              10.7532343,
              53.9997526
            ],
            [
              10.7532516,
              53.9997186
            ],
            [
              10.7533384,
              53.999714
            ],
            [
              10.7534039,
              53.9997152
            ],
            [
              10.7534386,
              53.9997458
            ],
            [
              10.7534194,
              53.999773
            ],
            [
              10.753375,
              53.9997809
            ]
          ]
        ]
      },
      "id": "way/315151663"
    },
    {
      "type": "Feature",
      "properties": {
        "@id": "way/315151664",
        "golf": "fairway",
        "name": "Loch S-3"
      },
      "geometry": {
        "type": "Polygon",
        "coordinates": [
          [
            [
              10.7519152,
              53.9983072
            ],
            [
              10.751817,
              53.9982319
            ],
            [
              10.7517489,
              53.9980973
            ],
            [
              10.7517298,
              53.9979771
            ],
            [
              10.7517189,
              53.9979114
            ],
            [
              10.7517161,
              53.9978233
            ],
            [
              10.7517134,
              53.9977383
            ],
            [
              10.7517134,
              53.997679
            ],
            [
              10.7517434,
              53.9976133
            ],
            [
              10.7518088,
              53.9975829
            ],
            [
              10.7518715,
              53.9975829
            ],
            [
              10.7519615,
              53.9975829
            ],
            [
              10.7520051,
              53.9976165
            ],
            [
              10.7520242,
              53.997647
            ],
            [
              10.7519751,
              53.997663
            ],
            [
              10.7519261,
              53.9976935
            ],
            [
              10.7519342,
              53.9977528
            ],
            [
              10.7519751,
              53.9978056
            ],
            [
              10.752076,
              53.9978249
            ],
            [
              10.7521305,
              53.9979034
            ],
            [
              10.7521742,
              53.998022
            ],
            [
              10.7521769,
              53.9981133
            ],
            [
              10.7521932,
              53.9981967
            ],
            [
              10.7521387,
              53.9982704
            ],
            [
              10.752046,
              53.9983104
            ],
            [
              10.7519152,
              53.9983072
            ]
          ]
        ]
      },
      "id": "way/315151664"
    },
    {
      "type": "Feature",
      "properties": {
        "@id": "way/315151665",
        "golf": "tee",
        "ref": "Tee Box 3"
      },
      "geometry": {
        "type": "Polygon",
        "coordinates": [
          [
            [
              10.7520082,
              53.9984272
            ],
            [
              10.7519782,
              53.9983539
            ],
            [
              10.7520402,
              53.9983451
            ],
            [
              10.7520703,
              53.9984184
            ],
            [
              10.7520082,
              53.9984272
            ]
          ]
        ]
      },
      "id": "way/315151665"
    },
    {
      "type": "Feature",
      "properties": {
        "@id": "way/315152395",
        "golf": "bunker"
      },
      "geometry": {
        "type": "Polygon",
        "coordinates": [
          [
            [
              10.7496809,
              53.997427
            ],
            [
              10.7496345,
              53.9974158
            ],
            [
              10.7496345,
              53.9973901
            ],
            [
              10.7495937,
              53.9973837
            ],
            [
              10.7495637,
              53.9973517
            ],
            [
              10.74958,
              53.9973244
            ],
            [
              10.7496455,
              53.9973196
            ],
            [
              10.7497218,
              53.9973389
            ],
            [
              10.74976,
              53.9973837
            ],
            [
              10.74976,
              53.9974238
            ],
            [
              10.7497136,
              53.997427
            ],
            [
              10.7496809,
              53.997427
            ]
          ]
        ]
      },
      "id": "way/315152395"
    },
    {
      "type": "Feature",
      "properties": {
        "@id": "way/315152396",
        "golf": "bunker"
      },
      "geometry": {
        "type": "Polygon",
        "coordinates": [
          [
            [
              10.7480451,
              53.9970696
            ],
            [
              10.7480015,
              53.997044
            ],
            [
              10.7479852,
              53.9970119
            ],
            [
              10.7479279,
              53.9970039
            ],
            [
              10.7479088,
              53.9969639
            ],
            [
              10.7479715,
              53.9969398
            ],
            [
              10.7480039,
              53.9969519
            ],
            [
              10.7480506,
              53.9969767
            ],
            [
              10.7480969,
              53.9970087
            ],
            [
              10.7481123,
              53.9970449
            ],
            [
              10.7480942,
              53.9970712
            ],
            [
              10.7480451,
              53.9970696
            ]
          ]
        ]
      },
      "id": "way/315152396"
    },
    {
      "type": "Feature",
      "properties": {
        "@id": "way/315152397",
        "golf": "bunker"
      },
      "geometry": {
        "type": "Polygon",
        "coordinates": [
          [
            [
              10.7470773,
              53.9969767
            ],
            [
              10.7470119,
              53.9969927
            ],
            [
              10.7469656,
              53.9969607
            ],
            [
              10.7469628,
              53.9969014
            ],
            [
              10.7470392,
              53.9968773
            ],
            [
              10.7471209,
              53.9968885
            ],
            [
              10.74717,
              53.9969046
            ],
            [
              10.7472,
              53.9969591
            ],
            [
              10.7471837,
              53.9969895
            ],
            [
              10.7471509,
              53.9969975
            ],
            [
              10.7471073,
              53.9969847
            ],
            [
              10.7470773,
              53.9969767
            ]
          ]
        ]
      },
      "id": "way/315152397"
    },
    {
      "type": "Feature",
      "properties": {
        "@id": "way/315152398",
        "golf": "bunker"
      },
      "geometry": {
        "type": "Polygon",
        "coordinates": [
          [
            [
              10.7464339,
              53.9969062
            ],
            [
              10.7463958,
              53.9968821
            ],
            [
              10.7463821,
              53.9968533
            ],
            [
              10.7463985,
              53.9968276
            ],
            [
              10.7464394,
              53.996802
            ],
            [
              10.7464939,
              53.9968036
            ],
            [
              10.7465075,
              53.9968212
            ],
            [
              10.7464939,
              53.9968517
            ],
            [
              10.7465512,
              53.9968677
            ],
            [
              10.7465512,
              53.996903
            ],
            [
              10.7465212,
              53.996911
            ],
            [
              10.7464776,
              53.9969126
            ],
            [
              10.7464339,
              53.9969062
            ]
          ]
        ]
      },
      "id": "way/315152398"
    },
    {
      "type": "Feature",
      "properties": {
        "@id": "way/315152399",
        "golf": "green"
      },
      "geometry": {
        "type": "Polygon",
        "coordinates": [
          [
            [
              10.7478734,
              53.997185
            ],
            [
              10.7478323,
              53.9971706
            ],
            [
              10.7477788,
              53.997155
            ],
            [
              10.7477205,
              53.9971276
            ],
            [
              10.7477016,
              53.9970985
            ],
            [
              10.7476989,
              53.997052
            ],
            [
              10.7477589,
              53.9970087
            ],
            [
              10.7478342,
              53.9970097
            ],
            [
              10.7479088,
              53.9970264
            ],
            [
              10.7479933,
              53.9970776
            ],
            [
              10.7480315,
              53.9971257
            ],
            [
              10.7479852,
              53.9971802
            ],
            [
              10.7479268,
              53.9971922
            ],
            [
              10.7478734,
              53.997185
            ]
          ]
        ]
      },
      "id": "way/315152399"
    },
    {
      "type": "Feature",
      "properties": {
        "@id": "way/315152400",
        "golf": "bunker"
      },
      "geometry": {
        "type": "Polygon",
        "coordinates": [
          [
            [
              10.7485468,
              53.9977956
            ],
            [
              10.7485577,
              53.9977603
            ],
            [
              10.7486095,
              53.9977411
            ],
            [
              10.7486804,
              53.9977331
            ],
            [
              10.7487022,
              53.9977619
            ],
            [
              10.7486395,
              53.9977988
            ],
            [
              10.7485904,
              53.9978084
            ],
            [
              10.7485468,
              53.9977956
            ]
          ]
        ]
      },
      "id": "way/315152400"
    },
    {
      "type": "Feature",
      "properties": {
        "@id": "way/315152401",
        "golf": "bunker"
      },
      "geometry": {
        "type": "Polygon",
        "coordinates": [
          [
            [
              10.7489148,
              53.9979494
            ],
            [
              10.7488494,
              53.9979558
            ],
            [
              10.7487976,
              53.9979558
            ],
            [
              10.7487894,
              53.9979174
            ],
            [
              10.7488494,
              53.9979142
            ],
            [
              10.7489121,
              53.9978965
            ],
            [
              10.7489557,
              53.9978949
            ],
            [
              10.7489748,
              53.9979238
            ],
            [
              10.7489475,
              53.9979462
            ],
            [
              10.7489148,
              53.9979494
            ]
          ]
        ]
      },
      "id": "way/315152401"
    },
    {
      "type": "Feature",
      "properties": {
        "@id": "way/315152402",
        "golf": "fairway",
        "name": "Loch S-4"
      },
      "geometry": {
        "type": "Polygon",
        "coordinates": [
          [
            [
              10.7509534,
              53.9972183
            ],
            [
              10.7508455,
              53.9973157
            ],
            [
              10.7505833,
              53.9973361
            ],
            [
              10.7503481,
              53.9973429
            ],
            [
              10.7501322,
              53.9973679
            ],
            [
              10.7499047,
              53.9973973
            ],
            [
              10.7498161,
              53.997352
            ],
            [
              10.7497274,
              53.9972999
            ],
            [
              10.7496117,
              53.9972795
            ],
            [
              10.7495076,
              53.9973112
            ],
            [
              10.7494112,
              53.9973679
            ],
            [
              10.7492262,
              53.9974087
            ],
            [
              10.7489717,
              53.9974268
            ],
            [
              10.7487597,
              53.9974268
            ],
            [
              10.7485476,
              53.9973905
            ],
            [
              10.7481968,
              53.9973225
            ],
            [
              10.748058,
              53.9972681
            ],
            [
              10.7480502,
              53.9972001
            ],
            [
              10.7481158,
              53.9971276
            ],
            [
              10.7482662,
              53.9971322
            ],
            [
              10.7485669,
              53.9971752
            ],
            [
              10.7488059,
              53.9971911
            ],
            [
              10.7491413,
              53.9971684
            ],
            [
              10.7495809,
              53.997139
            ],
            [
              10.7499163,
              53.9971344
            ],
            [
              10.7502055,
              53.9970868
            ],
            [
              10.7505833,
              53.9970234
            ],
            [
              10.7508069,
              53.9970392
            ],
            [
              10.750911,
              53.9970982
            ],
            [
              10.750965,
              53.9971707
            ],
            [
              10.7509534,
              53.9972183
            ]
          ]
        ]
      },
      "id": "way/315152402"
    },
    {
      "type": "Feature",
      "properties": {
        "@id": "way/315152403",
        "golf": "tee",
        "ref": "Tee Box 4D"
      },
      "geometry": {
        "type": "Polygon",
        "coordinates": [
          [
            [
              10.7516747,
              53.9971232
            ],
            [
              10.7515468,
              53.9971288
            ],
            [
              10.751542,
              53.9970914
            ],
            [
              10.7516699,
              53.9970858
            ],
            [
              10.7516747,
              53.9971232
            ]
          ]
        ]
      },
      "id": "way/315152403"
    },
    {
      "type": "Feature",
      "properties": {
        "@id": "way/315152404",
        "golf": "tee",
        "ref": "Tee Box 4H"
      },
      "geometry": {
        "type": "Polygon",
        "coordinates": [
          [
            [
              10.7520659,
              53.9970904
            ],
            [
              10.7519387,
              53.9971
            ],
            [
              10.7519306,
              53.9970628
            ],
            [
              10.7520578,
              53.9970532
            ],
            [
              10.7520659,
              53.9970904
            ]
          ]
        ]
      },
      "id": "way/315152404"
    },
    {
      "type": "Feature",
      "properties": {
        "@id": "way/315153471",
        "golf": "bunker"
      },
      "geometry": {
        "type": "Polygon",
        "coordinates": [
          [
            [
              10.7454532,
              53.9993724
            ],
            [
              10.7454723,
              53.999334
            ],
            [
              10.7454914,
              53.9993035
            ],
            [
              10.7454777,
              53.9992539
            ],
            [
              10.7455105,
              53.9992202
            ],
            [
              10.7455786,
              53.999225
            ],
            [
              10.7456086,
              53.9992587
            ],
            [
              10.7456086,
              53.9993099
            ],
            [
              10.7455922,
              53.999366
            ],
            [
              10.745535,
              53.9994125
            ],
            [
              10.7454859,
              53.9993933
            ],
            [
              10.7454532,
              53.9993724
            ]
          ]
        ]
      },
      "id": "way/315153471"
    },
    {
      "type": "Feature",
      "properties": {
        "@id": "way/315153479",
        "golf": "water_hazard",
        "natural": "water"
      },
      "geometry": {
        "type": "Polygon",
        "coordinates": [
          [
            [
              10.7448098,
              54.0000791
            ],
            [
              10.7447962,
              54.0000214
            ],
            [
              10.7448371,
              53.9999654
            ],
            [
              10.7449707,
              53.9998868
            ],
            [
              10.7450661,
              53.9999477
            ],
            [
              10.7450715,
              54.0000567
            ],
            [
              10.7450034,
              54.0001368
            ],
            [
              10.7448807,
              54.0001368
            ],
            [
              10.7448207,
              54.0000968
            ],
            [
              10.7448098,
              54.0000791
            ]
          ]
        ]
      },
      "id": "way/315153479"
    },
    {
      "type": "Feature",
      "properties": {
        "@id": "way/315153480",
        "golf": "bunker"
      },
      "geometry": {
        "type": "Polygon",
        "coordinates": [
          [
            [
              10.7450933,
              54.0003628
            ],
            [
              10.7450279,
              54.000358
            ],
            [
              10.7449597,
              54.0003419
            ],
            [
              10.7449407,
              54.0003147
            ],
            [
              10.7449952,
              54.0002698
            ],
            [
              10.7451042,
              54.0002714
            ],
            [
              10.7451669,
              54.0002971
            ],
            [
              10.7451669,
              54.0003323
            ],
            [
              10.7451451,
              54.0003644
            ],
            [
              10.7450933,
              54.0003628
            ]
          ]
        ]
      },
      "id": "way/315153480"
    },
    {
      "type": "Feature",
      "properties": {
        "@id": "way/315153481",
        "golf": "bunker"
      },
      "geometry": {
        "type": "Polygon",
        "coordinates": [
          [
            [
              10.7454178,
              53.9996144
            ],
            [
              10.7453687,
              53.9996112
            ],
            [
              10.7453605,
              53.9995631
            ],
            [
              10.7453278,
              53.9995087
            ],
            [
              10.745415,
              53.9994878
            ],
            [
              10.745475,
              53.9995167
            ],
            [
              10.7454641,
              53.9995535
            ],
            [
              10.7454777,
              53.9995888
            ],
            [
              10.7454505,
              53.9996144
            ],
            [
              10.7454178,
              53.9996144
            ]
          ]
        ]
      },
      "id": "way/315153481"
    },
    {
      "type": "Feature",
      "properties": {
        "@id": "way/316117654",
        "golf": "green"
      },
      "geometry": {
        "type": "Polygon",
        "coordinates": [
          [
            [
              10.7437985,
              53.9986685
            ],
            [
              10.7437145,
              53.9986228
            ],
            [
              10.7436998,
              53.9985746
            ],
            [
              10.7437397,
              53.9984993
            ],
            [
              10.7438489,
              53.9984648
            ],
            [
              10.7439581,
              53.998503
            ],
            [
              10.7440589,
              53.9985598
            ],
            [
              10.7440463,
              53.9986105
            ],
            [
              10.7439644,
              53.9986561
            ],
            [
              10.743872,
              53.9986734
            ],
            [
              10.7437985,
              53.9986685
            ]
          ]
        ]
      },
      "id": "way/316117654"
    },
    {
      "type": "Feature",
      "properties": {
        "@id": "way/316117656",
        "golf": "bunker"
      },
      "geometry": {
        "type": "Polygon",
        "coordinates": [
          [
            [
              10.7474374,
              54.0022174
            ],
            [
              10.7473869,
              54.0022258
            ],
            [
              10.7473334,
              54.0022278
            ],
            [
              10.7473044,
              54.0022231
            ],
            [
              10.747277,
              54.0022104
            ],
            [
              10.7472662,
              54.0021864
            ],
            [
              10.7472732,
              54.0021609
            ],
            [
              10.7472917,
              54.0021502
            ],
            [
              10.7473195,
              54.0021457
            ],
            [
              10.7473426,
              54.0021458
            ],
            [
              10.747366,
              54.0021529
            ],
            [
              10.7473788,
              54.0021407
            ],
            [
              10.7473762,
              54.0021257
            ],
            [
              10.7474049,
              54.0021056
            ],
            [
              10.7474352,
              54.0021029
            ],
            [
              10.747465,
              54.002104
            ],
            [
              10.7474868,
              54.0021151
            ],
            [
              10.7474962,
              54.0021291
            ],
            [
              10.7475103,
              54.0021553
            ],
            [
              10.747499,
              54.0021776
            ],
            [
              10.7474727,
              54.0022026
            ],
            [
              10.7474374,
              54.0022174
            ]
          ]
        ]
      },
      "id": "way/316117656"
    },
    {
      "type": "Feature",
      "properties": {
        "@id": "way/316117664",
        "golf": "bunker"
      },
      "geometry": {
        "type": "Polygon",
        "coordinates": [
          [
            [
              10.7495735,
              54.0034835
            ],
            [
              10.7495646,
              54.0035045
            ],
            [
              10.7495171,
              54.003508
            ],
            [
              10.7494487,
              54.0034975
            ],
            [
              10.7494517,
              54.0034539
            ],
            [
              10.7494992,
              54.0034399
            ],
            [
              10.7494992,
              54.0034015
            ],
            [
              10.7495379,
              54.003384
            ],
            [
              10.7496032,
              54.003384
            ],
            [
              10.7496032,
              54.0034573
            ],
            [
              10.7495735,
              54.0034835
            ]
          ]
        ]
      },
      "id": "way/316117664"
    },
    {
      "type": "Feature",
      "properties": {
        "@id": "way/316117667",
        "golf": "bunker"
      },
      "geometry": {
        "type": "Polygon",
        "coordinates": [
          [
            [
              10.749627,
              54.002876
            ],
            [
              10.7495497,
              54.0028533
            ],
            [
              10.7495289,
              54.0028184
            ],
            [
              10.7495765,
              54.0027974
            ],
            [
              10.7496418,
              54.0027974
            ],
            [
              10.7496923,
              54.0027695
            ],
            [
              10.7497428,
              54.0027695
            ],
            [
              10.7497458,
              54.0028062
            ],
            [
              10.7497428,
              54.0028393
            ],
            [
              10.7496923,
              54.0028585
            ],
            [
              10.749627,
              54.002876
            ]
          ]
        ]
      },
      "id": "way/316117667"
    },
    {
      "type": "Feature",
      "properties": {
        "@id": "way/316117669",
        "golf": "green"
      },
      "geometry": {
        "type": "Polygon",
        "coordinates": [
          [
            [
              10.7486461,
              53.9978647
            ],
            [
              10.7486671,
              53.9978166
            ],
            [
              10.7487028,
              53.9977931
            ],
            [
              10.7487343,
              53.9977573
            ],
            [
              10.7488247,
              53.9977277
            ],
            [
              10.7489276,
              53.9977586
            ],
            [
              10.7489612,
              53.9978191
            ],
            [
              10.748936,
              53.9978635
            ],
            [
              10.7488331,
              53.9978981
            ],
            [
              10.7487406,
              53.9978944
            ],
            [
              10.7486881,
              53.9978783
            ],
            [
              10.7486461,
              53.9978647
            ]
          ]
        ]
      },
      "id": "way/316117669"
    },
    {
      "type": "Feature",
      "properties": {
        "@id": "way/316117672",
        "golf": "bunker"
      },
      "geometry": {
        "type": "Polygon",
        "coordinates": [
          [
            [
              10.7475935,
              54.0016304
            ],
            [
              10.7475632,
              54.0016224
            ],
            [
              10.7475401,
              54.0016028
            ],
            [
              10.7475352,
              54.0015566
            ],
            [
              10.7475659,
              54.0015405
            ],
            [
              10.7475766,
              54.0015137
            ],
            [
              10.7475445,
              54.0014979
            ],
            [
              10.7474981,
              54.0014888
            ],
            [
              10.7474774,
              54.0014719
            ],
            [
              10.7474645,
              54.0014345
            ],
            [
              10.7474935,
              54.0014096
            ],
            [
              10.7475541,
              54.0013922
            ],
            [
              10.7476102,
              54.0014002
            ],
            [
              10.747659,
              54.0014172
            ],
            [
              10.747688,
              54.0014585
            ],
            [
              10.7476926,
              54.0014962
            ],
            [
              10.747696,
              54.0015412
            ],
            [
              10.7476842,
              54.0015802
            ],
            [
              10.7476506,
              54.0016221
            ],
            [
              10.7475935,
              54.0016304
            ]
          ]
        ]
      },
      "id": "way/316117672"
    },
    {
      "type": "Feature",
      "properties": {
        "@id": "way/316117674",
        "golf": "green"
      },
      "geometry": {
        "type": "Polygon",
        "coordinates": [
          [
            [
              10.74719,
              54.0016459
            ],
            [
              10.7471165,
              54.0016039
            ],
            [
              10.7470808,
              54.0015274
            ],
            [
              10.7471312,
              54.0014385
            ],
            [
              10.7472446,
              54.001383
            ],
            [
              10.7473685,
              54.0013953
            ],
            [
              10.747421,
              54.001457
            ],
            [
              10.7474504,
              54.0015138
            ],
            [
              10.7474609,
              54.0015842
            ],
            [
              10.7473853,
              54.0016422
            ],
            [
              10.7472845,
              54.0016558
            ],
            [
              10.74719,
              54.0016459
            ]
          ]
        ]
      },
      "id": "way/316117674"
    },
    {
      "type": "Feature",
      "properties": {
        "@id": "way/316117677",
        "golf": "green"
      },
      "geometry": {
        "type": "Polygon",
        "coordinates": [
          [
            [
              10.7450209,
              54.00055
            ],
            [
              10.7449243,
              54.000524
            ],
            [
              10.7448865,
              54.0004858
            ],
            [
              10.7448361,
              54.000445
            ],
            [
              10.7448655,
              54.0003944
            ],
            [
              10.744939,
              54.0003734
            ],
            [
              10.7450608,
              54.0003759
            ],
            [
              10.7451826,
              54.0003759
            ],
            [
              10.7452624,
              54.0004179
            ],
            [
              10.745275,
              54.0004759
            ],
            [
              10.7452057,
              54.0005314
            ],
            [
              10.7451154,
              54.0005672
            ],
            [
              10.7450209,
              54.00055
            ]
          ]
        ]
      },
      "id": "way/316117677"
    },
    {
      "type": "Feature",
      "properties": {
        "@id": "way/316117680",
        "golf": "green"
      },
      "geometry": {
        "type": "Polygon",
        "coordinates": [
          [
            [
              10.7470162,
              53.9996907
            ],
            [
              10.7469535,
              53.9997266
            ],
            [
              10.746855,
              53.9997274
            ],
            [
              10.7467995,
              53.9997176
            ],
            [
              10.7467825,
              53.9996724
            ],
            [
              10.7467914,
              53.9996244
            ],
            [
              10.7469045,
              53.9995688
            ],
            [
              10.746975,
              53.9995382
            ],
            [
              10.7470636,
              53.9995312
            ],
            [
              10.7471006,
              53.999543
            ],
            [
              10.7471336,
              53.9995655
            ],
            [
              10.747143,
              53.9995989
            ],
            [
              10.7470942,
              53.9996395
            ],
            [
              10.7470574,
              53.9996669
            ],
            [
              10.7470162,
              53.9996907
            ]
          ]
        ]
      },
      "id": "way/316117680"
    },
    {
      "type": "Feature",
      "properties": {
        "@id": "way/316117682",
        "golf": "bunker"
      },
      "geometry": {
        "type": "Polygon",
        "coordinates": [
          [
            [
              10.7499151,
              54.0019647
            ],
            [
              10.7499002,
              54.0019437
            ],
            [
              10.7499418,
              54.0019263
            ],
            [
              10.7500517,
              54.0019559
            ],
            [
              10.7502864,
              54.0018844
            ],
            [
              10.7502804,
              54.0018407
            ],
            [
              10.7502626,
              54.0017866
            ],
            [
              10.7502151,
              54.0017395
            ],
            [
              10.7502507,
              54.0017203
            ],
            [
              10.7503042,
              54.0017447
            ],
            [
              10.7503577,
              54.001839
            ],
            [
              10.7503458,
              54.0018756
            ],
            [
              10.750322,
              54.001914
            ],
            [
              10.7500844,
              54.0019751
            ],
            [
              10.7500191,
              54.0019856
            ],
            [
              10.7499151,
              54.0019647
            ]
          ]
        ]
      },
      "id": "way/316117682"
    },
    {
      "type": "Feature",
      "properties": {
        "@id": "way/316117683",
        "golf": "bunker"
      },
      "geometry": {
        "type": "Polygon",
        "coordinates": [
          [
            [
              10.7494947,
              54.0019011
            ],
            [
              10.7494359,
              54.0019184
            ],
            [
              10.7493728,
              54.0018913
            ],
            [
              10.7494359,
              54.001882
            ],
            [
              10.7494884,
              54.0018734
            ],
            [
              10.7495241,
              54.0018721
            ],
            [
              10.7495346,
              54.0018907
            ],
            [
              10.7494947,
              54.0019011
            ]
          ]
        ]
      },
      "id": "way/316117683"
    },
    {
      "type": "Feature",
      "properties": {
        "@id": "way/316117687",
        "golf": "bunker"
      },
      "geometry": {
        "type": "Polygon",
        "coordinates": [
          [
            [
              10.7519386,
              54.0028859
            ],
            [
              10.7519057,
              54.0028698
            ],
            [
              10.7518958,
              54.0028469
            ],
            [
              10.7518715,
              54.0028387
            ],
            [
              10.7518488,
              54.0028201
            ],
            [
              10.7518523,
              54.0027917
            ],
            [
              10.7518742,
              54.0027796
            ],
            [
              10.7519045,
              54.0027745
            ],
            [
              10.7519386,
              54.0027827
            ],
            [
              10.7519718,
              54.0028045
            ],
            [
              10.7519976,
              54.0028324
            ],
            [
              10.7520087,
              54.0028588
            ],
            [
              10.7520003,
              54.0028742
            ],
            [
              10.7519715,
              54.002886
            ],
            [
              10.7519386,
              54.0028859
            ]
          ]
        ]
      },
      "id": "way/316117687"
    },
    {
      "type": "Feature",
      "properties": {
        "@id": "way/316117690",
        "golf": "bunker"
      },
      "geometry": {
        "type": "Polygon",
        "coordinates": [
          [
            [
              10.7520389,
              54.003206
            ],
            [
              10.7520419,
              54.0031717
            ],
            [
              10.7520211,
              54.0031291
            ],
            [
              10.7520493,
              54.0030876
            ],
            [
              10.7520754,
              54.0030732
            ],
            [
              10.7521141,
              54.0030716
            ],
            [
              10.7521371,
              54.0030823
            ],
            [
              10.7521565,
              54.0031104
            ],
            [
              10.7521693,
              54.0031343
            ],
            [
              10.7521726,
              54.0031745
            ],
            [
              10.7521626,
              54.003206
            ],
            [
              10.7521369,
              54.0032199
            ],
            [
              10.7521103,
              54.0032296
            ],
            [
              10.7520745,
              54.0032286
            ],
            [
              10.7520546,
              54.0032229
            ],
            [
              10.7520389,
              54.003206
            ]
          ]
        ]
      },
      "id": "way/316117690"
    },
    {
      "type": "Feature",
      "properties": {
        "@id": "way/316117692",
        "golf": "bunker"
      },
      "geometry": {
        "type": "Polygon",
        "coordinates": [
          [
            [
              10.7525265,
              54.0027464
            ],
            [
              10.7524711,
              54.0027002
            ],
            [
              10.7524496,
              54.0026814
            ],
            [
              10.7524514,
              54.0026554
            ],
            [
              10.7524643,
              54.0026251
            ],
            [
              10.752507,
              54.0026091
            ],
            [
              10.7525696,
              54.0026194
            ],
            [
              10.7526241,
              54.0026524
            ],
            [
              10.7526357,
              54.0026778
            ],
            [
              10.7526293,
              54.0027122
            ],
            [
              10.7526125,
              54.0027294
            ],
            [
              10.7525736,
              54.0027425
            ],
            [
              10.7525265,
              54.0027464
            ]
          ]
        ]
      },
      "id": "way/316117692"
    },
    {
      "type": "Feature",
      "properties": {
        "@id": "way/316117697",
        "golf": "bunker"
      },
      "geometry": {
        "type": "Polygon",
        "coordinates": [
          [
            [
              10.7472641,
              54.0009709
            ],
            [
              10.7472032,
              54.0009586
            ],
            [
              10.7471864,
              54.000929
            ],
            [
              10.747136,
              54.0009043
            ],
            [
              10.7471444,
              54.0008648
            ],
            [
              10.74722,
              54.0008463
            ],
            [
              10.7472872,
              54.0008771
            ],
            [
              10.7473292,
              54.0009166
            ],
            [
              10.7473229,
              54.0009487
            ],
            [
              10.7472641,
              54.0009709
            ]
          ]
        ]
      },
      "id": "way/316117697"
    },
    {
      "type": "Feature",
      "properties": {
        "@id": "way/316117700",
        "golf": "bunker"
      },
      "geometry": {
        "type": "Polygon",
        "coordinates": [
          [
            [
              10.7465285,
              54.0035377
            ],
            [
              10.7465106,
              54.0035168
            ],
            [
              10.7465136,
              54.0034871
            ],
            [
              10.746579,
              54.0034679
            ],
            [
              10.7466198,
              54.0034681
            ],
            [
              10.7466782,
              54.003443
            ],
            [
              10.7467076,
              54.0034511
            ],
            [
              10.7467311,
              54.0034685
            ],
            [
              10.7467287,
              54.0034888
            ],
            [
              10.7467186,
              54.0035028
            ],
            [
              10.7467019,
              54.0035173
            ],
            [
              10.7466799,
              54.003529
            ],
            [
              10.7466332,
              54.0035349
            ],
            [
              10.7465997,
              54.0035412
            ],
            [
              10.7465285,
              54.0035377
            ]
          ]
        ]
      },
      "id": "way/316117700"
    },
    {
      "type": "Feature",
      "properties": {
        "@id": "way/316117702",
        "golf": "fairway",
        "name": "15th Hole"
      },
      "geometry": {
        "type": "Polygon",
        "coordinates": [
          [
            [
              10.7459812,
              53.9987145
            ],
            [
              10.7458237,
              53.9986849
            ],
            [
              10.7458,
              53.9986133
            ],
            [
              10.7460287,
              53.9984509
            ],
            [
              10.7462871,
              53.99832
            ],
            [
              10.7464297,
              53.9983025
            ],
            [
              10.7465426,
              53.9983269
            ],
            [
              10.7467624,
              53.9982344
            ],
            [
              10.7468782,
              53.9981139
            ],
            [
              10.747101,
              53.9980249
            ],
            [
              10.7474188,
              53.9979149
            ],
            [
              10.7477277,
              53.9979061
            ],
            [
              10.7480248,
              53.997866
            ],
            [
              10.7482743,
              53.9978398
            ],
            [
              10.7484971,
              53.9978485
            ],
            [
              10.7486604,
              53.9979236
            ],
            [
              10.7486545,
              53.9979987
            ],
            [
              10.7484852,
              53.9980301
            ],
            [
              10.7482357,
              53.9980685
            ],
            [
              10.747906,
              53.9981069
            ],
            [
              10.7477604,
              53.9981087
            ],
            [
              10.7474634,
              53.9981471
            ],
            [
              10.7471782,
              53.9982571
            ],
            [
              10.7469079,
              53.9983461
            ],
            [
              10.746804,
              53.9983968
            ],
            [
              10.7466762,
              53.998423
            ],
            [
              10.7465663,
              53.9985085
            ],
            [
              10.7463436,
              53.9985923
            ],
            [
              10.7461148,
              53.9986831
            ],
            [
              10.7459812,
              53.9987145
            ]
          ]
        ]
      },
      "id": "way/316117702"
    },
    {
      "type": "Feature",
      "properties": {
        "@id": "way/596182224",
        "natural": "water",
        "water": "pond"
      },
      "geometry": {
        "type": "Polygon",
        "coordinates": [
          [
            [
              10.753562,
              54.0030748
            ],
            [
              10.7534574,
              54.0030779
            ],
            [
              10.7534199,
              54.0030583
            ],
            [
              10.7534024,
              54.0030196
            ],
            [
              10.7533943,
              54.0029621
            ],
            [
              10.7534333,
              54.0028966
            ],
            [
              10.7534722,
              54.0028548
            ],
            [
              10.7535647,
              54.0028548
            ],
            [
              10.7536371,
              54.0028761
            ],
            [
              10.7536505,
              54.0029053
            ],
            [
              10.7536613,
              54.0029352
            ],
            [
              10.7537297,
              54.0029581
            ],
            [
              10.7537015,
              54.0029786
            ],
            [
              10.7537002,
              54.0030235
            ],
            [
              10.7536009,
              54.003018
            ],
            [
              10.753562,
              54.0030748
            ]
          ]
        ]
      },
      "id": "way/596182224"
    },
    {
      "type": "Feature",
      "properties": {
        "@id": "way/1084719869",
        "golf": "green"
      },
      "geometry": {
        "type": "Polygon",
        "coordinates": [
          [
            [
              10.7519647,
              54.00315
            ],
            [
              10.7519862,
              54.0032162
            ],
            [
              10.7519835,
              54.0032801
            ],
            [
              10.7519232,
              54.0033124
            ],
            [
              10.7518373,
              54.0033305
            ],
            [
              10.7517314,
              54.0033037
            ],
            [
              10.7517019,
              54.0032572
            ],
            [
              10.7516858,
              54.0031981
            ],
            [
              10.7516643,
              54.0031485
            ],
            [
              10.7517086,
              54.0030893
            ],
            [
              10.7517663,
              54.0030673
            ],
            [
              10.751836,
              54.0030625
            ],
            [
              10.7519044,
              54.0030767
            ],
            [
              10.7519527,
              54.0031193
            ],
            [
              10.7519647,
              54.00315
            ]
          ]
        ]
      },
      "id": "way/1084719869"
    },
    {
      "type": "Feature",
      "properties": {
        "@id": "way/1084719870",
        "golf": "tee"
      },
      "geometry": {
        "type": "Polygon",
        "coordinates": [
          [
            [
              10.7534829,
              54.0008093
            ],
            [
              10.7533635,
              54.0010175
            ],
            [
              10.7533394,
              54.0010253
            ],
            [
              10.7533139,
              54.0010285
            ],
            [
              10.7532455,
              54.0010167
            ],
            [
              10.7532227,
              54.0010056
            ],
            [
              10.7532187,
              54.0009914
            ],
            [
              10.7533488,
              54.0007786
            ],
            [
              10.7533716,
              54.0007636
            ],
            [
              10.7534051,
              54.000766
            ],
            [
              10.7534695,
              54.000777
            ],
            [
              10.7534882,
              54.000792
            ],
            [
              10.7534829,
              54.0008093
            ]
          ]
        ]
      },
      "id": "way/1084719870"
    },
    {
      "type": "Feature",
      "properties": {
        "@id": "way/1084721805",
        "golf": "green"
      },
      "geometry": {
        "type": "Polygon",
        "coordinates": [
          [
            [
              10.7416973,
              54.0084733
            ],
            [
              10.7417335,
              54.0084607
            ],
            [
              10.7417724,
              54.0084623
            ],
            [
              10.7418032,
              54.0084852
            ],
            [
              10.741834,
              54.008534
            ],
            [
              10.7418649,
              54.0085703
            ],
            [
              10.7419091,
              54.0086081
            ],
            [
              10.7419024,
              54.008653
            ],
            [
              10.7418676,
              54.008694
            ],
            [
              10.7417911,
              54.0087051
            ],
            [
              10.7417026,
              54.0086972
            ],
            [
              10.7416396,
              54.0086609
            ],
            [
              10.7416101,
              54.0086065
            ],
            [
              10.7416101,
              54.0085569
            ],
            [
              10.7416423,
              54.0085135
            ],
            [
              10.7416973,
              54.0084733
            ]
          ]
        ]
      },
      "id": "way/1084721805"
    },
    {
      "type": "Feature",
      "properties": {
        "@id": "way/1084721806",
        "golf": "green"
      },
      "geometry": {
        "type": "Polygon",
        "coordinates": [
          [
            [
              10.7507363,
              54.0098793
            ],
            [
              10.7508141,
              54.0098659
            ],
            [
              10.7508704,
              54.0098817
            ],
            [
              10.75092,
              54.0099093
            ],
            [
              10.7509294,
              54.0099479
            ],
            [
              10.750924,
              54.0099905
            ],
            [
              10.7508811,
              54.0100228
            ],
            [
              10.7508221,
              54.0100496
            ],
            [
              10.7507457,
              54.0100551
            ],
            [
              10.7506692,
              54.0100409
            ],
            [
              10.7506384,
              54.0100086
            ],
            [
              10.7506357,
              54.0099715
            ],
            [
              10.750684,
              54.0099195
            ],
            [
              10.7507363,
              54.0098793
            ]
          ]
        ]
      },
      "id": "way/1084721806"
    },
    {
      "type": "Feature",
      "properties": {
        "@id": "way/1084721807",
        "golf": "green"
      },
      "geometry": {
        "type": "Polygon",
        "coordinates": [
          [
            [
              10.7522276,
              54.0065369
            ],
            [
              10.7522444,
              54.0065393
            ],
            [
              10.7522766,
              54.0065562
            ],
            [
              10.7523114,
              54.0065865
            ],
            [
              10.7523141,
              54.0066011
            ],
            [
              10.7523007,
              54.0066338
            ],
            [
              10.7522564,
              54.0066598
            ],
            [
              10.7522068,
              54.0066697
            ],
            [
              10.7521485,
              54.0066882
            ],
            [
              10.7521082,
              54.0066941
            ],
            [
              10.7520593,
              54.0066835
            ],
            [
              10.7520385,
              54.0066606
            ],
            [
              10.7520338,
              54.0066212
            ],
            [
              10.7520325,
              54.0065889
            ],
            [
              10.7520553,
              54.0065507
            ],
            [
              10.7521009,
              54.0065302
            ],
            [
              10.7521666,
              54.0065266
            ],
            [
              10.7522276,
              54.0065369
            ]
          ]
        ]
      },
      "id": "way/1084721807"
    },
    {
      "type": "Feature",
      "properties": {
        "@id": "way/1084721808",
        "golf": "green"
      },
      "geometry": {
        "type": "Polygon",
        "coordinates": [
          [
            [
              10.749705,
              54.0088075
            ],
            [
              10.7497506,
              54.0088099
            ],
            [
              10.7497801,
              54.0088256
            ],
            [
              10.7498217,
              54.0088564
            ],
            [
              10.7498525,
              54.0088832
            ],
            [
              10.7498847,
              54.0089375
            ],
            [
              10.7498834,
              54.0089746
            ],
            [
              10.7498458,
              54.0089959
            ],
            [
              10.7497855,
              54.0090061
            ],
            [
              10.7497157,
              54.0089982
            ],
            [
              10.7496728,
              54.0089746
            ],
            [
              10.749658,
              54.0089368
            ],
            [
              10.7496567,
              54.0088942
            ],
            [
              10.7496567,
              54.0088493
            ],
            [
              10.7496728,
              54.0088241
            ],
            [
              10.749705,
              54.0088075
            ]
          ]
        ]
      },
      "id": "way/1084721808"
    },
    {
      "type": "Feature",
      "properties": {
        "@id": "way/1084721809",
        "golf": "green"
      },
      "geometry": {
        "type": "Polygon",
        "coordinates": [
          [
            [
              10.750391,
              54.0077782
            ],
            [
              10.7504037,
              54.0077743
            ],
            [
              10.7504533,
              54.0077794
            ],
            [
              10.7505311,
              54.0078042
            ],
            [
              10.750564,
              54.0078373
            ],
            [
              10.7505707,
              54.0078941
            ],
            [
              10.7505412,
              54.0079528
            ],
            [
              10.7504808,
              54.0079697
            ],
            [
              10.7504124,
              54.0079745
            ],
            [
              10.7503534,
              54.0079666
            ],
            [
              10.7503098,
              54.0079347
            ],
            [
              10.7503031,
              54.0079039
            ],
            [
              10.7503011,
              54.0078665
            ],
            [
              10.7503038,
              54.0078318
            ],
            [
              10.7503373,
              54.0077971
            ],
            [
              10.750391,
              54.0077782
            ]
          ]
        ]
      },
      "id": "way/1084721809"
    },
    {
      "type": "Feature",
      "properties": {
        "@id": "way/1084723014",
        "golf": "green"
      },
      "geometry": {
        "type": "Polygon",
        "coordinates": [
          [
            [
              10.7499142,
              54.0062358
            ],
            [
              10.7498579,
              54.0062524
            ],
            [
              10.7498069,
              54.0062894
            ],
            [
              10.7497372,
              54.0062949
            ],
            [
              10.7496755,
              54.00628
            ],
            [
              10.7496366,
              54.0062532
            ],
            [
              10.7496245,
              54.006213
            ],
            [
              10.7496433,
              54.0061672
            ],
            [
              10.7497036,
              54.0061326
            ],
            [
              10.7497774,
              54.0061081
            ],
            [
              10.7498592,
              54.006101
            ],
            [
              10.7499196,
              54.0061105
            ],
            [
              10.7499558,
              54.0061255
            ],
            [
              10.7499826,
              54.0061601
            ],
            [
              10.7499799,
              54.0061925
            ],
            [
              10.7499585,
              54.0062161
            ],
            [
              10.7499142,
              54.0062358
            ]
          ]
        ]
      },
      "id": "way/1084723014"
    },
    {
      "type": "Feature",
      "properties": {
        "@id": "way/1084723015",
        "golf": "green"
      },
      "geometry": {
        "type": "Polygon",
        "coordinates": [
          [
            [
              10.7490606,
              54.002266
            ],
            [
              10.7491109,
              54.0022625
            ],
            [
              10.7491531,
              54.0022704
            ],
            [
              10.7492242,
              54.0022857
            ],
            [
              10.7492664,
              54.0023173
            ],
            [
              10.749255,
              54.0023937
            ],
            [
              10.7492021,
              54.002445
            ],
            [
              10.749133,
              54.0024596
            ],
            [
              10.7490626,
              54.0024627
            ],
            [
              10.7490136,
              54.002443
            ],
            [
              10.7489613,
              54.0023993
            ],
            [
              10.7489305,
              54.0023669
            ],
            [
              10.7489352,
              54.0023122
            ],
            [
              10.7489922,
              54.0022775
            ],
            [
              10.7490606,
              54.002266
            ]
          ]
        ]
      },
      "id": "way/1084723015"
    },
    {
      "type": "Feature",
      "properties": {
        "@id": "way/1084723016",
        "golf": "green"
      },
      "geometry": {
        "type": "Polygon",
        "coordinates": [
          [
            [
              10.753047,
              54.0001224
            ],
            [
              10.7530926,
              54.0001058
            ],
            [
              10.7531489,
              54.0001058
            ],
            [
              10.7531999,
              54.0001232
            ],
            [
              10.753208,
              54.0001444
            ],
            [
              10.7531986,
              54.0001831
            ],
            [
              10.7531624,
              54.000217
            ],
            [
              10.7531342,
              54.0002509
            ],
            [
              10.753102,
              54.0002934
            ],
            [
              10.7530873,
              54.0003242
            ],
            [
              10.7530403,
              54.0003533
            ],
            [
              10.7529974,
              54.0003596
            ],
            [
              10.7529169,
              54.0003589
            ],
            [
              10.7528754,
              54.0003423
            ],
            [
              10.7528472,
              54.0003139
            ],
            [
              10.7528539,
              54.0002887
            ],
            [
              10.7529022,
              54.000265
            ],
            [
              10.7529639,
              54.0002304
            ],
            [
              10.752988,
              54.000202
            ],
            [
              10.7530121,
              54.0001618
            ],
            [
              10.753047,
              54.0001224
            ]
          ]
        ]
      },
      "id": "way/1084723016"
    },
    {
      "type": "Feature",
      "properties": {
        "@id": "way/1084723017",
        "golf": "green"
      },
      "geometry": {
        "type": "Polygon",
        "coordinates": [
          [
            [
              10.7533474,
              53.999543
            ],
            [
              10.7534038,
              53.9995304
            ],
            [
              10.7534654,
              53.9995272
            ],
            [
              10.753507,
              53.9995477
            ],
            [
              10.7535164,
              53.9995721
            ],
            [
              10.7535245,
              53.9996092
            ],
            [
              10.7535164,
              53.9996447
            ],
            [
              10.7534708,
              53.9996691
            ],
            [
              10.7534185,
              53.9996778
            ],
            [
              10.7533461,
              53.9996786
            ],
            [
              10.7532831,
              53.9996857
            ],
            [
              10.7532254,
              53.9996935
            ],
            [
              10.7531878,
              53.9996904
            ],
            [
              10.753165,
              53.9996786
            ],
            [
              10.7531382,
              53.9996549
            ],
            [
              10.7531194,
              53.999625
            ],
            [
              10.7531436,
              53.9995863
            ],
            [
              10.7532455,
              53.9995595
            ],
            [
              10.7533474,
              53.999543
            ]
          ]
        ]
      },
      "id": "way/1084723017"
    },
    {
      "type": "Feature",
      "properties": {
        "@id": "way/1084723018",
        "golf": "green"
      },
      "geometry": {
        "type": "Polygon",
        "coordinates": [
          [
            [
              10.7470932,
              54.0020769
            ],
            [
              10.7471099,
              54.0020627
            ],
            [
              10.7471193,
              54.0020505
            ],
            [
              10.7471213,
              54.0020296
            ],
            [
              10.7471669,
              54.002
            ],
            [
              10.7472199,
              54.0019929
            ],
            [
              10.7472883,
              54.0019953
            ],
            [
              10.7473493,
              54.0020154
            ],
            [
              10.7473614,
              54.0020426
            ],
            [
              10.747354,
              54.0020729
            ],
            [
              10.7473239,
              54.0020962
            ],
            [
              10.7472756,
              54.0021305
            ],
            [
              10.7472025,
              54.0021541
            ],
            [
              10.7471522,
              54.0021592
            ],
            [
              10.7471133,
              54.002151
            ],
            [
              10.7470851,
              54.0021285
            ],
            [
              10.7470758,
              54.0020974
            ],
            [
              10.7470932,
              54.0020769
            ]
          ]
        ]
      },
      "id": "way/1084723018"
    },
    {
      "type": "Feature",
      "properties": {
        "@id": "way/1084723019",
        "golf": "green"
      },
      "geometry": {
        "type": "Polygon",
        "coordinates": [
          [
            [
              10.7465668,
              54.0089218
            ],
            [
              10.7466044,
              54.0089147
            ],
            [
              10.746666,
              54.0089155
            ],
            [
              10.7467251,
              54.0089297
            ],
            [
              10.7467626,
              54.0089509
            ],
            [
              10.7467653,
              54.0089951
            ],
            [
              10.7467009,
              54.0090282
            ],
            [
              10.7466473,
              54.0090408
            ],
            [
              10.7465775,
              54.009055
            ],
            [
              10.7465185,
              54.009055
            ],
            [
              10.7464609,
              54.0090439
            ],
            [
              10.7464381,
              54.0090164
            ],
            [
              10.7464461,
              54.0089651
            ],
            [
              10.746493,
              54.0089415
            ],
            [
              10.7465668,
              54.0089218
            ]
          ]
        ]
      },
      "id": "way/1084723019"
    },
    {
      "type": "Feature",
      "properties": {
        "@id": "way/1084724344",
        "golf": "tee"
      },
      "geometry": {
        "type": "Polygon",
        "coordinates": [
          [
            [
              10.7496473,
              54.0057684
            ],
            [
              10.74965,
              54.005874
            ],
            [
              10.7496473,
              54.0059024
            ],
            [
              10.7496044,
              54.0059135
            ],
            [
              10.7495615,
              54.0059119
            ],
            [
              10.7495588,
              54.0058851
            ],
            [
              10.7495722,
              54.0057653
            ],
            [
              10.7495964,
              54.0057432
            ],
            [
              10.7496366,
              54.0057416
            ],
            [
              10.7496473,
              54.0057684
            ]
          ]
        ]
      },
      "id": "way/1084724344"
    },
    {
      "type": "Feature",
      "properties": {
        "@id": "way/1084724345",
        "golf": "tee"
      },
      "geometry": {
        "type": "Polygon",
        "coordinates": [
          [
            [
              10.7491752,
              54.0063091
            ],
            [
              10.749127,
              54.0064116
            ],
            [
              10.7491001,
              54.0064336
            ],
            [
              10.7490626,
              54.0064321
            ],
            [
              10.7490385,
              54.0064163
            ],
            [
              10.7490814,
              54.0062981
            ],
            [
              10.7491109,
              54.0062666
            ],
            [
              10.7491592,
              54.0062681
            ],
            [
              10.7491752,
              54.0062855
            ],
            [
              10.7491752,
              54.0063091
            ]
          ]
        ]
      },
      "id": "way/1084724345"
    },
    {
      "type": "Feature",
      "properties": {
        "@id": "way/1084724347",
        "golf": "tee"
      },
      "geometry": {
        "type": "Polygon",
        "coordinates": [
          [
            [
              10.747979,
              54.0087082
            ],
            [
              10.7479575,
              54.0087508
            ],
            [
              10.7479307,
              54.0087744
            ],
            [
              10.7478958,
              54.0087839
            ],
            [
              10.7478529,
              54.008776
            ],
            [
              10.7478529,
              54.0087429
            ],
            [
              10.7479602,
              54.0086199
            ],
            [
              10.7480031,
              54.0085994
            ],
            [
              10.748038,
              54.008601
            ],
            [
              10.7480407,
              54.0086357
            ],
            [
              10.7480219,
              54.0086672
            ],
            [
              10.747979,
              54.0087082
            ]
          ]
        ]
      },
      "id": "way/1084724347"
    },
    {
      "type": "Feature",
      "properties": {
        "@id": "way/1084724348",
        "golf": "tee"
      },
      "geometry": {
        "type": "Polygon",
        "coordinates": [
          [
            [
              10.747295,
              54.0090613
            ],
            [
              10.7474372,
              54.0089052
            ],
            [
              10.7475337,
              54.0089336
            ],
            [
              10.7473916,
              54.0090897
            ],
            [
              10.747295,
              54.0090613
            ]
          ]
        ]
      },
      "id": "way/1084724348"
    },
    {
      "type": "Feature",
      "properties": {
        "@id": "way/1084724350",
        "golf": "tee"
      },
      "geometry": {
        "type": "Polygon",
        "coordinates": [
          [
            [
              10.7498351,
              54.0100417
            ],
            [
              10.749355,
              54.0099708
            ],
            [
              10.749312,
              54.0099566
            ],
            [
              10.7493067,
              54.0099361
            ],
            [
              10.7493228,
              54.0099203
            ],
            [
              10.7493576,
              54.0099156
            ],
            [
              10.7498619,
              54.0099912
            ],
            [
              10.7498834,
              54.0100086
            ],
            [
              10.7498753,
              54.0100306
            ],
            [
              10.7498351,
              54.0100417
            ]
          ]
        ]
      },
      "id": "way/1084724350"
    },
    {
      "type": "Feature",
      "properties": {
        "@id": "way/1084724352",
        "golf": "tee"
      },
      "geometry": {
        "type": "Polygon",
        "coordinates": [
          [
            [
              10.7528539,
              54.0070279
            ],
            [
              10.7528941,
              54.0070326
            ],
            [
              10.7529075,
              54.0070539
            ],
            [
              10.7528834,
              54.0071674
            ],
            [
              10.7528754,
              54.0071934
            ],
            [
              10.7528539,
              54.0072092
            ],
            [
              10.7528217,
              54.00721
            ],
            [
              10.7528003,
              54.0072013
            ],
            [
              10.7527922,
              54.0071784
            ],
            [
              10.7528043,
              54.0071051
            ],
            [
              10.7528177,
              54.0070516
            ],
            [
              10.7528539,
              54.0070279
            ]
          ]
        ]
      },
      "id": "way/1084724352"
    },
    {
      "type": "Feature",
      "properties": {
        "@id": "way/1084724353",
        "golf": "tee"
      },
      "geometry": {
        "type": "Polygon",
        "coordinates": [
          [
            [
              10.7528432,
              54.0066961
            ],
            [
              10.75287,
              54.0066977
            ],
            [
              10.7528914,
              54.0067071
            ],
            [
              10.7529075,
              54.0067253
            ],
            [
              10.7529022,
              54.0068285
            ],
            [
              10.7528874,
              54.0068537
            ],
            [
              10.7528485,
              54.00686
            ],
            [
              10.7528056,
              54.0068569
            ],
            [
              10.7527815,
              54.0068474
            ],
            [
              10.7527708,
              54.0068301
            ],
            [
              10.7527761,
              54.0067418
            ],
            [
              10.7527949,
              54.006704
            ],
            [
              10.7528432,
              54.0066961
            ]
          ]
        ]
      },
      "id": "way/1084724353"
    },
    {
      "type": "Feature",
      "properties": {
        "@id": "way/1084724355",
        "golf": "tee"
      },
      "geometry": {
        "type": "Polygon",
        "coordinates": [
          [
            [
              10.7505217,
              54.0091228
            ],
            [
              10.7505646,
              54.0091038
            ],
            [
              10.7506022,
              54.0091054
            ],
            [
              10.7506102,
              54.0091275
            ],
            [
              10.7505834,
              54.0091748
            ],
            [
              10.7504198,
              54.0094207
            ],
            [
              10.7503903,
              54.0094475
            ],
            [
              10.7503474,
              54.0094412
            ],
            [
              10.7503313,
              54.0094159
            ],
            [
              10.7503608,
              54.0093482
            ],
            [
              10.7505217,
              54.0091228
            ]
          ]
        ]
      },
      "id": "way/1084724355"
    },
    {
      "type": "Feature",
      "properties": {
        "@id": "way/1084724357",
        "golf": "tee"
      },
      "geometry": {
        "type": "Polygon",
        "coordinates": [
          [
            [
              10.7497144,
              54.0074756
            ],
            [
              10.749768,
              54.007474
            ],
            [
              10.7497975,
              54.0074929
            ],
            [
              10.7498056,
              54.0075386
            ],
            [
              10.7498082,
              54.0076994
            ],
            [
              10.7497895,
              54.0077325
            ],
            [
              10.7497546,
              54.0077451
            ],
            [
              10.7497036,
              54.007742
            ],
            [
              10.7496741,
              54.0077199
            ],
            [
              10.7496741,
              54.0076836
            ],
            [
              10.7496768,
              54.0076111
            ],
            [
              10.7496661,
              54.0075197
            ],
            [
              10.7497144,
              54.0074756
            ]
          ]
        ]
      },
      "id": "way/1084724357"
    },
    {
      "type": "Feature",
      "properties": {
        "@id": "way/1084724358",
        "golf": "tee"
      },
      "geometry": {
        "type": "Polygon",
        "coordinates": [
          [
            [
              10.7519849,
              54.0041582
            ],
            [
              10.7521351,
              54.0041873
            ],
            [
              10.7521136,
              54.0042851
            ],
            [
              10.7519366,
              54.0042669
            ],
            [
              10.7519849,
              54.0041582
            ]
          ]
        ]
      },
      "id": "way/1084724358"
    },
    {
      "type": "Feature",
      "properties": {
        "@id": "way/1084724360",
        "golf": "tee"
      },
      "geometry": {
        "type": "Polygon",
        "coordinates": [
          [
            [
              10.7518098,
              54.0037869
            ],
            [
              10.7518172,
              54.0037735
            ],
            [
              10.751844,
              54.0037664
            ],
            [
              10.7518715,
              54.00377
            ],
            [
              10.7518809,
              54.0037802
            ],
            [
              10.7518776,
              54.0038054
            ],
            [
              10.7518695,
              54.0038425
            ],
            [
              10.7518534,
              54.0038661
            ],
            [
              10.751842,
              54.0038705
            ],
            [
              10.7518212,
              54.0038709
            ],
            [
              10.7518058,
              54.0038665
            ],
            [
              10.7517971,
              54.0038567
            ],
            [
              10.7517978,
              54.0038382
            ],
            [
              10.7518098,
              54.0037869
            ]
          ]
        ]
      },
      "id": "way/1084724360"
    },
    {
      "type": "Feature",
      "properties": {
        "@id": "way/1084724361",
        "golf": "tee"
      },
      "geometry": {
        "type": "Polygon",
        "coordinates": [
          [
            [
              10.7523141,
              54.003526
            ],
            [
              10.75229,
              54.0036092
            ],
            [
              10.7522752,
              54.0036364
            ],
            [
              10.7522551,
              54.0036446
            ],
            [
              10.7522296,
              54.0036466
            ],
            [
              10.7522082,
              54.0036443
            ],
            [
              10.7521974,
              54.003636
            ],
            [
              10.7521968,
              54.0036206
            ],
            [
              10.7522437,
              54.0034665
            ],
            [
              10.7522544,
              54.003448
            ],
            [
              10.7522792,
              54.0034421
            ],
            [
              10.7523128,
              54.003446
            ],
            [
              10.7523302,
              54.0034578
            ],
            [
              10.7523329,
              54.0034779
            ],
            [
              10.7523141,
              54.003526
            ]
          ]
        ]
      },
      "id": "way/1084724361"
    },
    {
      "type": "Feature",
      "properties": {
        "@id": "way/1084724362",
        "golf": "driving_range"
      },
      "geometry": {
        "type": "Polygon",
        "coordinates": [
          [
            [
              10.7517421,
              54.0007806
            ],
            [
              10.7525092,
              54.0009556
            ],
            [
              10.7521874,
              54.0015988
            ],
            [
              10.7518333,
              54.002138
            ],
            [
              10.7516456,
              54.0023823
            ],
            [
              10.7514605,
              54.00254
            ],
            [
              10.7512379,
              54.002726
            ],
            [
              10.7511279,
              54.0028931
            ],
            [
              10.7510957,
              54.0030728
            ],
            [
              10.7510957,
              54.0032052
            ],
            [
              10.7510743,
              54.0032888
            ],
            [
              10.7509965,
              54.003325
            ],
            [
              10.750857,
              54.0033234
            ],
            [
              10.7507122,
              54.0033156
            ],
            [
              10.7505995,
              54.0032431
            ],
            [
              10.7505566,
              54.0031516
            ],
            [
              10.7505459,
              54.0030255
            ],
            [
              10.7505512,
              54.0028426
            ],
            [
              10.75046,
              54.0027528
            ],
            [
              10.7503903,
              54.0025195
            ],
            [
              10.7504037,
              54.0023634
            ],
            [
              10.7505244,
              54.0021947
            ],
            [
              10.7508221,
              54.0015263
            ],
            [
              10.7510394,
              54.0011605
            ],
            [
              10.7512218,
              54.0009398
            ],
            [
              10.7517421,
              54.0007806
            ]
          ]
        ]
      },
      "id": "way/1084724362"
    },
    {
      "type": "Feature",
      "properties": {
        "@id": "way/1084726522",
        "golf": "tee"
      },
      "geometry": {
        "type": "Polygon",
        "coordinates": [
          [
            [
              10.7418689,
              54.0082503
            ],
            [
              10.7422927,
              54.0082795
            ],
            [
              10.7423356,
              54.0082889
            ],
            [
              10.742345,
              54.0083134
            ],
            [
              10.7423182,
              54.0083268
            ],
            [
              10.7418957,
              54.0082952
            ],
            [
              10.7418542,
              54.0082866
            ],
            [
              10.7418367,
              54.0082724
            ],
            [
              10.7418434,
              54.0082598
            ],
            [
              10.7418689,
              54.0082503
            ]
          ]
        ]
      },
      "id": "way/1084726522"
    },
    {
      "type": "Feature",
      "properties": {
        "@id": "way/1084726524",
        "golf": "tee"
      },
      "geometry": {
        "type": "Polygon",
        "coordinates": [
          [
            [
              10.7465748,
              54.009758
            ],
            [
              10.7466097,
              54.0097698
            ],
            [
              10.746599,
              54.0097966
            ],
            [
              10.7465748,
              54.0098092
            ],
            [
              10.746481,
              54.0098092
            ],
            [
              10.7463884,
              54.0098053
            ],
            [
              10.746371,
              54.0098005
            ],
            [
              10.7463562,
              54.0097848
            ],
            [
              10.7463697,
              54.0097682
            ],
            [
              10.7464086,
              54.0097556
            ],
            [
              10.7465748,
              54.009758
            ]
          ]
        ]
      },
      "id": "way/1084726524"
    },
    {
      "type": "Feature",
      "properties": {
        "@id": "way/1084726525",
        "golf": "tee"
      },
      "geometry": {
        "type": "Polygon",
        "coordinates": [
          [
            [
              10.7460585,
              54.0096555
            ],
            [
              10.7460988,
              54.0096555
            ],
            [
              10.7461216,
              54.009665
            ],
            [
              10.7461229,
              54.0096855
            ],
            [
              10.7460988,
              54.0096941
            ],
            [
              10.7459472,
              54.0096989
            ],
            [
              10.7459137,
              54.0096965
            ],
            [
              10.7458922,
              54.0096894
            ],
            [
              10.7458882,
              54.0096729
            ],
            [
              10.7459056,
              54.0096602
            ],
            [
              10.7459418,
              54.0096571
            ],
            [
              10.7460585,
              54.0096555
            ]
          ]
        ]
      },
      "id": "way/1084726525"
    },
    {
      "type": "Feature",
      "properties": {
        "@id": "way/1084726527",
        "golf": "tee"
      },
      "geometry": {
        "type": "Polygon",
        "coordinates": [
          [
            [
              10.7480085,
              54.0071083
            ],
            [
              10.7480407,
              54.0070957
            ],
            [
              10.7480621,
              54.0070973
            ],
            [
              10.748093,
              54.0071083
            ],
            [
              10.748097,
              54.0071264
            ],
            [
              10.748089,
              54.0071501
            ],
            [
              10.7479481,
              54.0073455
            ],
            [
              10.747924,
              54.0073589
            ],
            [
              10.7479025,
              54.0073597
            ],
            [
              10.7478771,
              54.0073526
            ],
            [
              10.747861,
              54.00734
            ],
            [
              10.7478677,
              54.0073211
            ],
            [
              10.7478891,
              54.0072825
            ],
            [
              10.7480085,
              54.0071083
            ]
          ]
        ]
      },
      "id": "way/1084726527"
    },
    {
      "type": "Feature",
      "properties": {
        "@id": "way/1084726528",
        "golf": "green"
      },
      "geometry": {
        "type": "Polygon",
        "coordinates": [
          [
            [
              10.748553,
              54.0067489
            ],
            [
              10.7485731,
              54.0068001
            ],
            [
              10.7485731,
              54.0068522
            ],
            [
              10.7485396,
              54.00689
            ],
            [
              10.7484712,
              54.0068979
            ],
            [
              10.7483947,
              54.0068979
            ],
            [
              10.7483438,
              54.0068868
            ],
            [
              10.7483102,
              54.0068695
            ],
            [
              10.7482915,
              54.0068474
            ],
            [
              10.7483049,
              54.006823
            ],
            [
              10.748329,
              54.0068088
            ],
            [
              10.7483384,
              54.0067757
            ],
            [
              10.7483532,
              54.0067489
            ],
            [
              10.7483934,
              54.0067245
            ],
            [
              10.7484363,
              54.006719
            ],
            [
              10.7484819,
              54.006719
            ],
            [
              10.7485262,
              54.0067292
            ],
            [
              10.748553,
              54.0067489
            ]
          ]
        ]
      },
      "id": "way/1084726528"
    },
    {
      "type": "Feature",
      "properties": {
        "@id": "way/1084726530",
        "golf": "tee"
      },
      "geometry": {
        "type": "Polygon",
        "coordinates": [
          [
            [
              10.7480501,
              54.0028994
            ],
            [
              10.7480755,
              54.0029774
            ],
            [
              10.7480755,
              54.002994
            ],
            [
              10.7480635,
              54.0030089
            ],
            [
              10.7480487,
              54.0030153
            ],
            [
              10.7480192,
              54.0030129
            ],
            [
              10.7480045,
              54.0030011
            ],
            [
              10.747987,
              54.0029743
            ],
            [
              10.7479843,
              54.0029073
            ],
            [
              10.747987,
              54.0028891
            ],
            [
              10.7480071,
              54.0028813
            ],
            [
              10.7480367,
              54.0028781
            ],
            [
              10.7480501,
              54.0028994
            ]
          ]
        ]
      },
      "id": "way/1084726530"
    },
    {
      "type": "Feature",
      "properties": {
        "@id": "way/1084726531",
        "golf": "tee"
      },
      "geometry": {
        "type": "Polygon",
        "coordinates": [
          [
            [
              10.7479723,
              54.0024217
            ],
            [
              10.7480045,
              54.0025431
            ],
            [
              10.7480031,
              54.0025683
            ],
            [
              10.747987,
              54.0025817
            ],
            [
              10.7479629,
              54.002588
            ],
            [
              10.7479361,
              54.0025849
            ],
            [
              10.74792,
              54.0025573
            ],
            [
              10.7478972,
              54.0024383
            ],
            [
              10.7479025,
              54.0024162
            ],
            [
              10.7479361,
              54.0024083
            ],
            [
              10.7479642,
              54.0024099
            ],
            [
              10.7479723,
              54.0024217
            ]
          ]
        ]
      },
      "id": "way/1084726531"
    },
    {
      "type": "Feature",
      "properties": {
        "@id": "way/1084726533",
        "golf": "tee"
      },
      "geometry": {
        "type": "Polygon",
        "coordinates": [
          [
            [
              10.7506961,
              53.9999237
            ],
            [
              10.7507336,
              53.9999221
            ],
            [
              10.7507524,
              53.9999221
            ],
            [
              10.7507832,
              53.9999285
            ],
            [
              10.7507886,
              53.9999466
            ],
            [
              10.7507859,
              53.9999608
            ],
            [
              10.750743,
              53.9999679
            ],
            [
              10.750688,
              53.9999718
            ],
            [
              10.7506303,
              53.9999742
            ],
            [
              10.7506143,
              53.9999608
            ],
            [
              10.7506116,
              53.9999419
            ],
            [
              10.7506464,
              53.99993
            ],
            [
              10.7506961,
              53.9999237
            ]
          ]
        ]
      },
      "id": "way/1084726533"
    },
    {
      "type": "Feature",
      "properties": {
        "@id": "way/1084726534",
        "golf": "tee"
      },
      "geometry": {
        "type": "Polygon",
        "coordinates": [
          [
            [
              10.7513666,
              53.9999332
            ],
            [
              10.7515812,
              53.999934
            ],
            [
              10.7516161,
              53.9999387
            ],
            [
              10.7516322,
              53.9999521
            ],
            [
              10.7516295,
              53.9999679
            ],
            [
              10.7515973,
              53.9999781
            ],
            [
              10.7515584,
              53.9999797
            ],
            [
              10.7511641,
              53.9999813
            ],
            [
              10.75114,
              53.9999718
            ],
            [
              10.7511319,
              53.9999584
            ],
            [
              10.751148,
              53.9999387
            ],
            [
              10.7511856,
              53.9999332
            ],
            [
              10.7513666,
              53.9999332
            ]
          ]
        ]
      },
      "id": "way/1084726534"
    },
    {
      "type": "Feature",
      "properties": {
        "@id": "way/1084726536",
        "golf": "tee"
      },
      "geometry": {
        "type": "Polygon",
        "coordinates": [
          [
            [
              10.7489902,
              54.0014333
            ],
            [
              10.749025,
              54.001449
            ],
            [
              10.7490143,
              54.0014711
            ],
            [
              10.7489821,
              54.0014995
            ],
            [
              10.7489231,
              54.00152
            ],
            [
              10.7488641,
              54.0015468
            ],
            [
              10.7488158,
              54.0015531
            ],
            [
              10.748789,
              54.0015405
            ],
            [
              10.7487863,
              54.0015074
            ],
            [
              10.7488319,
              54.0014758
            ],
            [
              10.7489204,
              54.0014396
            ],
            [
              10.7489902,
              54.0014333
            ]
          ]
        ]
      },
      "id": "way/1084726536"
    },
    {
      "type": "Feature",
      "properties": {
        "@id": "way/1084726537",
        "golf": "tee"
      },
      "geometry": {
        "type": "Polygon",
        "coordinates": [
          [
            [
              10.7486844,
              54.0017312
            ],
            [
              10.74862,
              54.0017675
            ],
            [
              10.7485825,
              54.0017848
            ],
            [
              10.7485342,
              54.0017848
            ],
            [
              10.7485047,
              54.0017722
            ],
            [
              10.7484993,
              54.0017486
            ],
            [
              10.7485986,
              54.0016934
            ],
            [
              10.7486629,
              54.0016697
            ],
            [
              10.7486951,
              54.001676
            ],
            [
              10.7487193,
              54.0016981
            ],
            [
              10.7486844,
              54.0017312
            ]
          ]
        ]
      },
      "id": "way/1084726537"
    },
    {
      "type": "Feature",
      "properties": {
        "@id": "way/1084727088",
        "golf": "tee"
      },
      "geometry": {
        "type": "Polygon",
        "coordinates": [
          [
            [
              10.7475901,
              53.9993136
            ],
            [
              10.7478355,
              53.9993167
            ],
            [
              10.7478864,
              53.9993364
            ],
            [
              10.7478972,
              53.9993625
            ],
            [
              10.7478771,
              53.9993688
            ],
            [
              10.7477939,
              53.9993656
            ],
            [
              10.7477269,
              53.9993601
            ],
            [
              10.7476437,
              53.9993546
            ],
            [
              10.7475874,
              53.9993506
            ],
            [
              10.7475606,
              53.9993325
            ],
            [
              10.7475901,
              53.9993136
            ]
          ]
        ]
      },
      "id": "way/1084727088"
    },
    {
      "type": "Feature",
      "properties": {
        "@id": "way/1084727090",
        "golf": "tee"
      },
      "geometry": {
        "type": "Polygon",
        "coordinates": [
          [
            [
              10.7463187,
              54.0008846
            ],
            [
              10.7462892,
              54.0009493
            ],
            [
              10.7462463,
              54.000965
            ],
            [
              10.7461926,
              54.0009477
            ],
            [
              10.7461846,
              54.0009177
            ],
            [
              10.7462007,
              54.0008862
            ],
            [
              10.7462248,
              54.0008657
            ],
            [
              10.7462651,
              54.0008641
            ],
            [
              10.7463187,
              54.0008846
            ]
          ]
        ]
      },
      "id": "way/1084727090"
    },
    {
      "type": "Feature",
      "properties": {
        "@id": "way/1084727091",
        "golf": "tee"
      },
      "geometry": {
        "type": "Polygon",
        "coordinates": [
          [
            [
              10.7463375,
              54.0010644
            ],
            [
              10.7463965,
              54.0010833
            ],
            [
              10.7463992,
              54.0011227
            ],
            [
              10.7463589,
              54.0011448
            ],
            [
              10.7462919,
              54.0011479
            ],
            [
              10.7462302,
              54.0011353
            ],
            [
              10.7461926,
              54.0011085
            ],
            [
              10.7462221,
              54.0010722
            ],
            [
              10.7462704,
              54.0010612
            ],
            [
              10.7463375,
              54.0010644
            ]
          ]
        ]
      },
      "id": "way/1084727091"
    },
    {
      "type": "Feature",
      "properties": {
        "@id": "way/1084727093",
        "golf": "tee"
      },
      "geometry": {
        "type": "Polygon",
        "coordinates": [
          [
            [
              10.7465333,
              54.0047501
            ],
            [
              10.7465346,
              54.0047272
            ],
            [
              10.7465534,
              54.0047131
            ],
            [
              10.7465976,
              54.0047075
            ],
            [
              10.7466178,
              54.0047225
            ],
            [
              10.7466285,
              54.0047517
            ],
            [
              10.7465923,
              54.0050055
            ],
            [
              10.7465735,
              54.0050149
            ],
            [
              10.7465494,
              54.0050173
            ],
            [
              10.7465239,
              54.0050126
            ],
            [
              10.7465065,
              54.0049976
            ],
            [
              10.7465024,
              54.00497
            ],
            [
              10.7465333,
              54.0047501
            ]
          ]
        ]
      },
      "id": "way/1084727093"
    },
    {
      "type": "Feature",
      "properties": {
        "@id": "way/1084727094",
        "golf": "tee"
      },
      "geometry": {
        "type": "Polygon",
        "coordinates": [
          [
            [
              10.7464528,
              54.0045326
            ],
            [
              10.7464582,
              54.0045586
            ],
            [
              10.7464568,
              54.0045791
            ],
            [
              10.7464528,
              54.004613
            ],
            [
              10.7464407,
              54.0046327
            ],
            [
              10.746422,
              54.0046492
            ],
            [
              10.7463925,
              54.0046516
            ],
            [
              10.7463737,
              54.0046437
            ],
            [
              10.7463723,
              54.0046216
            ],
            [
              10.7463737,
              54.0045846
            ],
            [
              10.7463737,
              54.0045586
            ],
            [
              10.7463898,
              54.0045263
            ],
            [
              10.7464313,
              54.0045192
            ],
            [
              10.7464528,
              54.0045326
            ]
          ]
        ]
      },
      "id": "way/1084727094"
    },
    {
      "type": "Feature",
      "properties": {
        "@id": "way/1084727096",
        "golf": "tee"
      },
      "geometry": {
        "type": "Polygon",
        "coordinates": [
          [
            [
              10.7461604,
              54.0081644
            ],
            [
              10.7461363,
              54.0082306
            ],
            [
              10.7461148,
              54.0082574
            ],
            [
              10.7460532,
              54.0082621
            ],
            [
              10.7460424,
              54.0082369
            ],
            [
              10.7462302,
              54.0078507
            ],
            [
              10.7462731,
              54.0078161
            ],
            [
              10.746316,
              54.0078176
            ],
            [
              10.7463348,
              54.0078507
            ],
            [
              10.7462543,
              54.0079942
            ],
            [
              10.7461604,
              54.0081644
            ]
          ]
        ]
      },
      "id": "way/1084727096"
    },
    {
      "type": "Feature",
      "properties": {
        "@id": "way/1084728163",
        "golf": "bunker"
      },
      "geometry": {
        "type": "Polygon",
        "coordinates": [
          [
            [
              10.7474345,
              54.0045948
            ],
            [
              10.7474446,
              54.0045935
            ],
            [
              10.747462,
              54.0045931
            ],
            [
              10.7474806,
              54.0045949
            ],
            [
              10.7474984,
              54.0046035
            ],
            [
              10.7475126,
              54.0046116
            ],
            [
              10.7475183,
              54.0046287
            ],
            [
              10.7475148,
              54.0046451
            ],
            [
              10.7474974,
              54.004658
            ],
            [
              10.74747,
              54.004673
            ],
            [
              10.7474276,
              54.004687
            ],
            [
              10.7473497,
              54.0046931
            ],
            [
              10.7473213,
              54.0046885
            ],
            [
              10.7473068,
              54.0046753
            ],
            [
              10.7473001,
              54.0046652
            ],
            [
              10.7472995,
              54.0046538
            ],
            [
              10.7473044,
              54.0046413
            ],
            [
              10.7473353,
              54.0046232
            ],
            [
              10.7473674,
              54.00462
            ],
            [
              10.7473943,
              54.0046208
            ],
            [
              10.7474063,
              54.0046066
            ],
            [
              10.7474345,
              54.0045948
            ]
          ]
        ]
      },
      "id": "way/1084728163"
    },
    {
      "type": "Feature",
      "properties": {
        "@id": "way/1084728164",
        "golf": "bunker"
      },
      "geometry": {
        "type": "Polygon",
        "coordinates": [
          [
            [
              10.7499564,
              54.0062906
            ],
            [
              10.7499692,
              54.0062788
            ],
            [
              10.7499745,
              54.0062666
            ],
            [
              10.7499886,
              54.0062547
            ],
            [
              10.7500087,
              54.00625
            ],
            [
              10.7500503,
              54.0062587
            ],
            [
              10.7500711,
              54.0062677
            ],
            [
              10.7500845,
              54.0062882
            ],
            [
              10.7500818,
              54.0063095
            ],
            [
              10.7500644,
              54.0063292
            ],
            [
              10.7500322,
              54.0063438
            ],
            [
              10.7499866,
              54.0063501
            ],
            [
              10.7499511,
              54.0063584
            ],
            [
              10.7499162,
              54.0063663
            ],
            [
              10.749872,
              54.006358
            ],
            [
              10.7498465,
              54.0063446
            ],
            [
              10.7498284,
              54.0063217
            ],
            [
              10.7498364,
              54.0063032
            ],
            [
              10.7498572,
              54.0062894
            ],
            [
              10.7498813,
              54.0062815
            ],
            [
              10.7499102,
              54.0062819
            ],
            [
              10.7499343,
              54.0062906
            ],
            [
              10.7499564,
              54.0062906
            ]
          ]
        ]
      },
      "id": "way/1084728164"
    },
    {
      "type": "Feature",
      "properties": {
        "@id": "way/1084728165",
        "golf": "bunker"
      },
      "geometry": {
        "type": "Polygon",
        "coordinates": [
          [
            [
              10.74953,
              54.0063793
            ],
            [
              10.7495387,
              54.006386
            ],
            [
              10.7495407,
              54.0063994
            ],
            [
              10.7495434,
              54.0064159
            ],
            [
              10.7495461,
              54.0064344
            ],
            [
              10.74954,
              54.0064494
            ],
            [
              10.7495179,
              54.0064632
            ],
            [
              10.7494804,
              54.0064671
            ],
            [
              10.7494569,
              54.0064671
            ],
            [
              10.7494301,
              54.0064585
            ],
            [
              10.7494133,
              54.0064478
            ],
            [
              10.7494093,
              54.0064329
            ],
            [
              10.7494126,
              54.0064061
            ],
            [
              10.7494334,
              54.0063836
            ],
            [
              10.7494616,
              54.0063698
            ],
            [
              10.7495052,
              54.0063714
            ],
            [
              10.74953,
              54.0063793
            ]
          ]
        ]
      },
      "id": "way/1084728165"
    },
    {
      "type": "Feature",
      "properties": {
        "@id": "way/1084728166",
        "golf": "bunker"
      },
      "geometry": {
        "type": "Polygon",
        "coordinates": [
          [
            [
              10.7486127,
              54.0066598
            ],
            [
              10.7486227,
              54.0066508
            ],
            [
              10.7486442,
              54.0066401
            ],
            [
              10.7486656,
              54.0066334
            ],
            [
              10.7486911,
              54.0066346
            ],
            [
              10.7487267,
              54.0066445
            ],
            [
              10.7487354,
              54.0066551
            ],
            [
              10.7487387,
              54.006676
            ],
            [
              10.7487179,
              54.0066929
            ],
            [
              10.7486958,
              54.0067048
            ],
            [
              10.7486945,
              54.0067182
            ],
            [
              10.7487085,
              54.006728
            ],
            [
              10.7487132,
              54.0067469
            ],
            [
              10.7487085,
              54.0067568
            ],
            [
              10.748677,
              54.0067588
            ],
            [
              10.748669,
              54.0067674
            ],
            [
              10.7486355,
              54.0067686
            ],
            [
              10.7486174,
              54.0067607
            ],
            [
              10.7486127,
              54.0067426
            ],
            [
              10.7486106,
              54.0067284
            ],
            [
              10.7485992,
              54.0067182
            ],
            [
              10.7485925,
              54.0067063
            ],
            [
              10.7485919,
              54.0066914
            ],
            [
              10.7485992,
              54.006674
            ],
            [
              10.7486127,
              54.0066598
            ]
          ]
        ]
      },
      "id": "way/1084728166"
    },
    {
      "type": "Feature",
      "properties": {
        "@id": "way/1084728167",
        "golf": "bunker"
      },
      "geometry": {
        "type": "Polygon",
        "coordinates": [
          [
            [
              10.7523215,
              54.0066827
            ],
            [
              10.7523416,
              54.0066929
            ],
            [
              10.752351,
              54.0067071
            ],
            [
              10.7523496,
              54.0067292
            ],
            [
              10.7523376,
              54.0067489
            ],
            [
              10.752304,
              54.0067686
            ],
            [
              10.7522705,
              54.0067725
            ],
            [
              10.7522222,
              54.0067702
            ],
            [
              10.7521981,
              54.0067552
            ],
            [
              10.752186,
              54.0067355
            ],
            [
              10.7521968,
              54.006715
            ],
            [
              10.7522316,
              54.0067032
            ],
            [
              10.7522638,
              54.0066993
            ],
            [
              10.7522933,
              54.0066835
            ],
            [
              10.7523215,
              54.0066827
            ]
          ]
        ]
      },
      "id": "way/1084728167"
    },
    {
      "type": "Feature",
      "properties": {
        "@id": "way/1084728168",
        "golf": "bunker"
      },
      "geometry": {
        "type": "Polygon",
        "coordinates": [
          [
            [
              10.7519889,
              54.0065172
            ],
            [
              10.7519969,
              54.0065274
            ],
            [
              10.7519916,
              54.0065416
            ],
            [
              10.7519875,
              54.006559
            ],
            [
              10.7519795,
              54.0065787
            ],
            [
              10.7519795,
              54.0065999
            ],
            [
              10.7519902,
              54.006626
            ],
            [
              10.7519822,
              54.0066417
            ],
            [
              10.7519647,
              54.0066512
            ],
            [
              10.7519379,
              54.0066512
            ],
            [
              10.7519084,
              54.0066386
            ],
            [
              10.7518937,
              54.0066236
            ],
            [
              10.7518816,
              54.0065999
            ],
            [
              10.7518789,
              54.0065795
            ],
            [
              10.7518803,
              54.0065424
            ],
            [
              10.751895,
              54.0065227
            ],
            [
              10.7519326,
              54.0065077
            ],
            [
              10.7519674,
              54.0065038
            ],
            [
              10.7519889,
              54.0065172
            ]
          ]
        ]
      },
      "id": "way/1084728168"
    },
    {
      "type": "Feature",
      "properties": {
        "@id": "way/1084728169",
        "golf": "bunker"
      },
      "geometry": {
        "type": "Polygon",
        "coordinates": [
          [
            [
              10.7506914,
              54.0077357
            ],
            [
              10.7507309,
              54.0077317
            ],
            [
              10.7507604,
              54.0077498
            ],
            [
              10.7507765,
              54.0077743
            ],
            [
              10.7507819,
              54.0078066
            ],
            [
              10.7507792,
              54.0078334
            ],
            [
              10.7507779,
              54.0078586
            ],
            [
              10.7507779,
              54.0078917
            ],
            [
              10.7507819,
              54.0079169
            ],
            [
              10.7507832,
              54.0079477
            ],
            [
              10.7507738,
              54.0079697
            ],
            [
              10.7507618,
              54.0079768
            ],
            [
              10.7507122,
              54.0079784
            ],
            [
              10.7506934,
              54.007965
            ],
            [
              10.75068,
              54.0079492
            ],
            [
              10.7506867,
              54.0079248
            ],
            [
              10.7507001,
              54.0079004
            ],
            [
              10.7506987,
              54.0078752
            ],
            [
              10.7506987,
              54.0078515
            ],
            [
              10.7506894,
              54.0078271
            ],
            [
              10.7506652,
              54.0078019
            ],
            [
              10.7506505,
              54.0077778
            ],
            [
              10.7506505,
              54.0077609
            ],
            [
              10.7506639,
              54.0077487
            ],
            [
              10.7506914,
              54.0077357
            ]
          ]
        ]
      },
      "id": "way/1084728169"
    },
    {
      "type": "Feature",
      "properties": {
        "@id": "way/1084728170",
        "golf": "bunker"
      },
      "geometry": {
        "type": "Polygon",
        "coordinates": [
          [
            [
              10.7502314,
              54.0075067
            ],
            [
              10.7502676,
              54.0075036
            ],
            [
              10.7503038,
              54.007517
            ],
            [
              10.7503226,
              54.0075307
            ],
            [
              10.7503474,
              54.007554
            ],
            [
              10.7503574,
              54.0075717
            ],
            [
              10.7503615,
              54.0075895
            ],
            [
              10.7503527,
              54.0076068
            ],
            [
              10.750338,
              54.0076182
            ],
            [
              10.7503078,
              54.0076257
            ],
            [
              10.7502857,
              54.0076265
            ],
            [
              10.7502662,
              54.0076226
            ],
            [
              10.7502535,
              54.0076155
            ],
            [
              10.7502508,
              54.0076013
            ],
            [
              10.7502461,
              54.0075887
            ],
            [
              10.7502361,
              54.00758
            ],
            [
              10.7502072,
              54.0075749
            ],
            [
              10.7501858,
              54.0075678
            ],
            [
              10.7501757,
              54.0075544
            ],
            [
              10.7501777,
              54.0075367
            ],
            [
              10.7501931,
              54.0075158
            ],
            [
              10.7502086,
              54.0075106
            ],
            [
              10.7502314,
              54.0075067
            ]
          ]
        ]
      },
      "id": "way/1084728170"
    },
    {
      "type": "Feature",
      "properties": {
        "@id": "way/1084728171",
        "golf": "bunker"
      },
      "geometry": {
        "type": "Polygon",
        "coordinates": [
          [
            [
              10.7487575,
              54.0075761
            ],
            [
              10.7487776,
              54.0075776
            ],
            [
              10.7487997,
              54.0075796
            ],
            [
              10.7488105,
              54.0075855
            ],
            [
              10.7488178,
              54.0075993
            ],
            [
              10.7488165,
              54.0076151
            ],
            [
              10.7488125,
              54.0076273
            ],
            [
              10.7487971,
              54.0076427
            ],
            [
              10.748783,
              54.0076517
            ],
            [
              10.7487702,
              54.0076572
            ],
            [
              10.7487407,
              54.007658
            ],
            [
              10.7487012,
              54.0076517
            ],
            [
              10.7486683,
              54.0076364
            ],
            [
              10.7486515,
              54.0076206
            ],
            [
              10.7486462,
              54.0076052
            ],
            [
              10.7486482,
              54.0075832
            ],
            [
              10.7486569,
              54.0075662
            ],
            [
              10.7486764,
              54.0075615
            ],
            [
              10.7487119,
              54.0075623
            ],
            [
              10.7487327,
              54.0075721
            ],
            [
              10.7487575,
              54.0075761
            ]
          ]
        ]
      },
      "id": "way/1084728171"
    },
    {
      "type": "Feature",
      "properties": {
        "@id": "way/1084728172",
        "golf": "bunker"
      },
      "geometry": {
        "type": "Polygon",
        "coordinates": [
          [
            [
              10.7495199,
              54.0088477
            ],
            [
              10.7495427,
              54.0088469
            ],
            [
              10.7495682,
              54.0088516
            ],
            [
              10.7495843,
              54.0088572
            ],
            [
              10.749599,
              54.0088737
            ],
            [
              10.7496017,
              54.0088911
            ],
            [
              10.7496004,
              54.0089021
            ],
            [
              10.7495816,
              54.0089084
            ],
            [
              10.7495829,
              54.0089163
            ],
            [
              10.749591,
              54.0089265
            ],
            [
              10.7495897,
              54.0089478
            ],
            [
              10.7495736,
              54.0089628
            ],
            [
              10.7495373,
              54.0089707
            ],
            [
              10.7495092,
              54.0089699
            ],
            [
              10.749473,
              54.0089565
            ],
            [
              10.7494596,
              54.0089399
            ],
            [
              10.7494542,
              54.0089186
            ],
            [
              10.7494555,
              54.0088981
            ],
            [
              10.7494676,
              54.0088761
            ],
            [
              10.7494904,
              54.0088595
            ],
            [
              10.7495199,
              54.0088477
            ]
          ]
        ]
      },
      "id": "way/1084728172"
    },
    {
      "type": "Feature",
      "properties": {
        "@id": "way/1084728173",
        "golf": "bunker"
      },
      "geometry": {
        "type": "Polygon",
        "coordinates": [
          [
            [
              10.749933,
              54.0088004
            ],
            [
              10.7499558,
              54.0087996
            ],
            [
              10.7499705,
              54.0088012
            ],
            [
              10.749992,
              54.0088044
            ],
            [
              10.7500121,
              54.008817
            ],
            [
              10.7500215,
              54.0088359
            ],
            [
              10.7500201,
              54.0088548
            ],
            [
              10.7500014,
              54.0088737
            ],
            [
              10.7499853,
              54.0088832
            ],
            [
              10.7499571,
              54.0088887
            ],
            [
              10.7499182,
              54.0088863
            ],
            [
              10.7498914,
              54.008869
            ],
            [
              10.7498686,
              54.0088516
            ],
            [
              10.7498512,
              54.0088382
            ],
            [
              10.749823,
              54.0088154
            ],
            [
              10.749819,
              54.0088004
            ],
            [
              10.7498351,
              54.0087784
            ],
            [
              10.7498606,
              54.0087728
            ],
            [
              10.7498807,
              54.0087776
            ],
            [
              10.7499021,
              54.008791
            ],
            [
              10.749933,
              54.0088004
            ]
          ]
        ]
      },
      "id": "way/1084728173"
    },
    {
      "type": "Feature",
      "properties": {
        "@id": "way/1084728174",
        "golf": "bunker"
      },
      "geometry": {
        "type": "Polygon",
        "coordinates": [
          [
            [
              10.751374,
              54.0092433
            ],
            [
              10.7513881,
              54.00925
            ],
            [
              10.7513941,
              54.0092638
            ],
            [
              10.7513954,
              54.0092883
            ],
            [
              10.75138,
              54.0093068
            ],
            [
              10.7513525,
              54.009319
            ],
            [
              10.751319,
              54.0093174
            ],
            [
              10.7512969,
              54.009308
            ],
            [
              10.7512694,
              54.0092957
            ],
            [
              10.7512292,
              54.009289
            ],
            [
              10.751195,
              54.0092725
            ],
            [
              10.7511956,
              54.0092587
            ],
            [
              10.7512137,
              54.0092335
            ],
            [
              10.7512674,
              54.0092169
            ],
            [
              10.7512975,
              54.0092165
            ],
            [
              10.7513385,
              54.0092232
            ],
            [
              10.751374,
              54.0092433
            ]
          ]
        ]
      },
      "id": "way/1084728174"
    },
    {
      "type": "Feature",
      "properties": {
        "@id": "way/1084728175",
        "golf": "bunker"
      },
      "geometry": {
        "type": "Polygon",
        "coordinates": [
          [
            [
              10.751083,
              54.0099416
            ],
            [
              10.7511064,
              54.0099621
            ],
            [
              10.7511145,
              54.0100066
            ],
            [
              10.7510937,
              54.0100421
            ],
            [
              10.7510749,
              54.0100736
            ],
            [
              10.7510561,
              54.0100933
            ],
            [
              10.7510307,
              54.0101079
            ],
            [
              10.7510079,
              54.0101158
            ],
            [
              10.7509663,
              54.0101146
            ],
            [
              10.7509314,
              54.0101079
            ],
            [
              10.75091,
              54.010089
            ],
            [
              10.7509059,
              54.0100697
            ],
            [
              10.7509113,
              54.0100452
            ],
            [
              10.7509254,
              54.0100334
            ],
            [
              10.7509529,
              54.0100243
            ],
            [
              10.7509804,
              54.0100165
            ],
            [
              10.7509864,
              54.0100058
            ],
            [
              10.750977,
              54.0099857
            ],
            [
              10.7509723,
              54.0099621
            ],
            [
              10.7509878,
              54.0099416
            ],
            [
              10.7510119,
              54.0099333
            ],
            [
              10.751034,
              54.0099325
            ],
            [
              10.7510528,
              54.0099317
            ],
            [
              10.751083,
              54.0099416
            ]
          ]
        ]
      },
      "id": "way/1084728175"
    },
    {
      "type": "Feature",
      "properties": {
        "@id": "way/1084728176",
        "golf": "bunker"
      },
      "geometry": {
        "type": "Polygon",
        "coordinates": [
          [
            [
              10.7414807,
              54.008549
            ],
            [
              10.7414988,
              54.0085462
            ],
            [
              10.7415216,
              54.0085518
            ],
            [
              10.7415477,
              54.008562
            ],
            [
              10.7415504,
              54.008586
            ],
            [
              10.7415551,
              54.0086168
            ],
            [
              10.7415625,
              54.0086314
            ],
            [
              10.7415732,
              54.0086519
            ],
            [
              10.7415745,
              54.0086645
            ],
            [
              10.7415665,
              54.0086739
            ],
            [
              10.7415538,
              54.008679
            ],
            [
              10.7415303,
              54.0086822
            ],
            [
              10.7415061,
              54.0086822
            ],
            [
              10.7414901,
              54.0086759
            ],
            [
              10.741486,
              54.0086637
            ],
            [
              10.741484,
              54.0086404
            ],
            [
              10.7414693,
              54.0086274
            ],
            [
              10.7414491,
              54.0086117
            ],
            [
              10.7414411,
              54.0085951
            ],
            [
              10.7414404,
              54.0085734
            ],
            [
              10.7414565,
              54.0085652
            ],
            [
              10.7414807,
              54.008549
            ]
          ]
        ]
      },
      "id": "way/1084728176"
    },
    {
      "type": "Feature",
      "properties": {
        "@id": "way/1084728177",
        "golf": "bunker"
      },
      "geometry": {
        "type": "Polygon",
        "coordinates": [
          [
            [
              10.7438551,
              54.0094506
            ],
            [
              10.7438967,
              54.0094475
            ],
            [
              10.7439315,
              54.0094467
            ],
            [
              10.7439785,
              54.0094514
            ],
            [
              10.7439946,
              54.009464
            ],
            [
              10.7440026,
              54.0094853
            ],
            [
              10.7439879,
              54.0095089
            ],
            [
              10.7439463,
              54.0095168
            ],
            [
              10.7438953,
              54.0095152
            ],
            [
              10.7438658,
              54.0095129
            ],
            [
              10.7438229,
              54.0095223
            ],
            [
              10.743788,
              54.0095271
            ],
            [
              10.7437438,
              54.0095255
            ],
            [
              10.7436942,
              54.0095223
            ],
            [
              10.7436405,
              54.0095184
            ],
            [
              10.7436137,
              54.0095066
            ],
            [
              10.743603,
              54.0094813
            ],
            [
              10.7436164,
              54.0094514
            ],
            [
              10.7436593,
              54.0094404
            ],
            [
              10.7436942,
              54.0094396
            ],
            [
              10.7437357,
              54.009449
            ],
            [
              10.7437867,
              54.0094553
            ],
            [
              10.7438162,
              54.0094545
            ],
            [
              10.7438551,
              54.0094506
            ]
          ]
        ]
      },
      "id": "way/1084728177"
    },
    {
      "type": "Feature",
      "properties": {
        "@id": "way/1084728178",
        "golf": "bunker"
      },
      "geometry": {
        "type": "Polygon",
        "coordinates": [
          [
            [
              10.7429016,
              54.0095992
            ],
            [
              10.7429324,
              54.0095893
            ],
            [
              10.7429572,
              54.0095905
            ],
            [
              10.7429854,
              54.0095988
            ],
            [
              10.7430095,
              54.0096114
            ],
            [
              10.7430162,
              54.0096283
            ],
            [
              10.7430156,
              54.0096378
            ],
            [
              10.7430028,
              54.0096634
            ],
            [
              10.7429814,
              54.0096709
            ],
            [
              10.7429472,
              54.0096732
            ],
            [
              10.7429136,
              54.0096677
            ],
            [
              10.7428915,
              54.0096579
            ],
            [
              10.7428774,
              54.0096488
            ],
            [
              10.742856,
              54.0096461
            ],
            [
              10.7428332,
              54.0096472
            ],
            [
              10.7428191,
              54.0096563
            ],
            [
              10.7427963,
              54.0096598
            ],
            [
              10.7427701,
              54.0096524
            ],
            [
              10.742754,
              54.0096378
            ],
            [
              10.7427534,
              54.0096137
            ],
            [
              10.7427762,
              54.0095944
            ],
            [
              10.7427996,
              54.0095905
            ],
            [
              10.7428419,
              54.0095913
            ],
            [
              10.742866,
              54.0095968
            ],
            [
              10.7428848,
              54.0096035
            ],
            [
              10.7429016,
              54.0095992
            ]
          ]
        ]
      },
      "id": "way/1084728178"
    },
    {
      "type": "Feature",
      "properties": {
        "@id": "way/1084728179",
        "golf": "bunker"
      },
      "geometry": {
        "type": "Polygon",
        "coordinates": [
          [
            [
              10.7467807,
              54.006133
            ],
            [
              10.7468008,
              54.006129
            ],
            [
              10.7468216,
              54.0061349
            ],
            [
              10.7468323,
              54.0061444
            ],
            [
              10.7468384,
              54.0061617
            ],
            [
              10.7468377,
              54.0061822
            ],
            [
              10.7468236,
              54.006198
            ],
            [
              10.7467928,
              54.006211
            ],
            [
              10.7467733,
              54.0062224
            ],
            [
              10.7467653,
              54.0062366
            ],
            [
              10.7467633,
              54.0062543
            ],
            [
              10.7467586,
              54.0062673
            ],
            [
              10.7467479,
              54.0062796
            ],
            [
              10.7467371,
              54.0062847
            ],
            [
              10.7467217,
              54.006291
            ],
            [
              10.7466969,
              54.006293
            ],
            [
              10.7466781,
              54.0062894
            ],
            [
              10.746654,
              54.0062807
            ],
            [
              10.7466439,
              54.0062681
            ],
            [
              10.7466473,
              54.0062539
            ],
            [
              10.7466627,
              54.0062362
            ],
            [
              10.7466815,
              54.0062248
            ],
            [
              10.7466828,
              54.0062118
            ],
            [
              10.7466801,
              54.006196
            ],
            [
              10.7466929,
              54.0061806
            ],
            [
              10.7467157,
              54.0061739
            ],
            [
              10.7467385,
              54.0061732
            ],
            [
              10.7467485,
              54.0061661
            ],
            [
              10.7467519,
              54.0061538
            ],
            [
              10.7467613,
              54.0061412
            ],
            [
              10.7467807,
              54.006133
            ]
          ]
        ]
      },
      "id": "way/1084728179"
    },
    {
      "type": "Feature",
      "properties": {
        "@id": "way/1084728180",
        "golf": "bunker"
      },
      "geometry": {
        "type": "Polygon",
        "coordinates": [
          [
            [
              10.7482358,
              54.0060715
            ],
            [
              10.7482526,
              54.0060715
            ],
            [
              10.7482707,
              54.006075
            ],
            [
              10.7482881,
              54.0060908
            ],
            [
              10.7482888,
              54.0061077
            ],
            [
              10.7482841,
              54.0061192
            ],
            [
              10.7482908,
              54.0061349
            ],
            [
              10.7483062,
              54.0061491
            ],
            [
              10.7483082,
              54.0061696
            ],
            [
              10.7483022,
              54.0061838
            ],
            [
              10.7482814,
              54.0062015
            ],
            [
              10.7482606,
              54.006211
            ],
            [
              10.7482311,
              54.006213
            ],
            [
              10.748207,
              54.0062059
            ],
            [
              10.7481862,
              54.0061921
            ],
            [
              10.7481761,
              54.0061795
            ],
            [
              10.7481895,
              54.0061542
            ],
            [
              10.7481862,
              54.006142
            ],
            [
              10.7481681,
              54.006129
            ],
            [
              10.7481627,
              54.0061152
            ],
            [
              10.7481721,
              54.0060963
            ],
            [
              10.7481976,
              54.0060813
            ],
            [
              10.7482358,
              54.0060715
            ]
          ]
        ]
      },
      "id": "way/1084728180"
    },
    {
      "type": "Feature",
      "properties": {
        "@id": "way/1084728181",
        "golf": "bunker"
      },
      "geometry": {
        "type": "Polygon",
        "coordinates": [
          [
            [
              10.7486743,
              54.0052809
            ],
            [
              10.7486817,
              54.005277
            ],
            [
              10.7487099,
              54.0052687
            ],
            [
              10.748736,
              54.0052642
            ],
            [
              10.7487716,
              54.0052654
            ],
            [
              10.7487991,
              54.0052774
            ],
            [
              10.7488101,
              54.0053056
            ],
            [
              10.7487991,
              54.0053269
            ],
            [
              10.7487716,
              54.0053403
            ],
            [
              10.7487565,
              54.0053428
            ],
            [
              10.7487387,
              54.0053438
            ],
            [
              10.7487173,
              54.0053507
            ],
            [
              10.7487059,
              54.0053604
            ],
            [
              10.7486891,
              54.0053738
            ],
            [
              10.7486713,
              54.0053791
            ],
            [
              10.7486482,
              54.0053803
            ],
            [
              10.7486204,
              54.0053726
            ],
            [
              10.7486106,
              54.0053584
            ],
            [
              10.748606,
              54.0053418
            ],
            [
              10.748615,
              54.0053196
            ],
            [
              10.7486344,
              54.0052985
            ],
            [
              10.7486743,
              54.0052809
            ]
          ]
        ]
      },
      "id": "way/1084728181"
    },
    {
      "type": "Feature",
      "properties": {
        "@id": "way/1084728182",
        "golf": "bunker"
      },
      "geometry": {
        "type": "Polygon",
        "coordinates": [
          [
            [
              10.7497305,
              54.0044084
            ],
            [
              10.7497425,
              54.0044029
            ],
            [
              10.7497814,
              54.0044057
            ],
            [
              10.7497969,
              54.004412
            ],
            [
              10.7498197,
              54.004434
            ],
            [
              10.7498217,
              54.0044486
            ],
            [
              10.7497995,
              54.0044715
            ],
            [
              10.7497754,
              54.0044829
            ],
            [
              10.7497412,
              54.0044924
            ],
            [
              10.749713,
              54.0045006
            ],
            [
              10.7496782,
              54.0044967
            ],
            [
              10.7496473,
              54.0044821
            ],
            [
              10.7496352,
              54.0044593
            ],
            [
              10.7496466,
              54.0044344
            ],
            [
              10.7496808,
              54.0044183
            ],
            [
              10.7497305,
              54.0044084
            ]
          ]
        ]
      },
      "id": "way/1084728182"
    },
    {
      "type": "Feature",
      "properties": {
        "@id": "way/1084728183",
        "golf": "bunker"
      },
      "geometry": {
        "type": "Polygon",
        "coordinates": [
          [
            [
              10.7481305,
              54.0002438
            ],
            [
              10.7481614,
              54.0002382
            ],
            [
              10.7481949,
              54.0002382
            ],
            [
              10.7482284,
              54.0002343
            ],
            [
              10.7482499,
              54.0002296
            ],
            [
              10.7482767,
              54.0002248
            ],
            [
              10.7482955,
              54.0002256
            ],
            [
              10.7483102,
              54.0002304
            ],
            [
              10.748325,
              54.0002469
            ],
            [
              10.7483263,
              54.0002611
            ],
            [
              10.7483156,
              54.0002745
            ],
            [
              10.7482955,
              54.0002887
            ],
            [
              10.7482633,
              54.0002982
            ],
            [
              10.7482284,
              54.0003116
            ],
            [
              10.7482083,
              54.0003092
            ],
            [
              10.7481828,
              54.0003171
            ],
            [
              10.7481694,
              54.0003376
            ],
            [
              10.7481493,
              54.0003565
            ],
            [
              10.7481118,
              54.0003699
            ],
            [
              10.7480769,
              54.0003683
            ],
            [
              10.7480487,
              54.0003589
            ],
            [
              10.7480353,
              54.0003415
            ],
            [
              10.748046,
              54.000321
            ],
            [
              10.7480688,
              54.000306
            ],
            [
              10.7480715,
              54.0002903
            ],
            [
              10.7480729,
              54.0002714
            ],
            [
              10.748097,
              54.0002572
            ],
            [
              10.7481305,
              54.0002438
            ]
          ]
        ]
      },
      "id": "way/1084728183"
    },
    {
      "type": "Feature",
      "properties": {
        "@id": "way/1084728184",
        "golf": "bunker"
      },
      "geometry": {
        "type": "Polygon",
        "coordinates": [
          [
            [
              10.7466828,
              53.9997921
            ],
            [
              10.7467069,
              53.9998023
            ],
            [
              10.7467217,
              53.9998173
            ],
            [
              10.7467304,
              53.9998358
            ],
            [
              10.7467251,
              53.9998555
            ],
            [
              10.7467157,
              53.9998784
            ],
            [
              10.7467183,
              53.9998965
            ],
            [
              10.7467324,
              53.9999162
            ],
            [
              10.7467331,
              53.9999383
            ],
            [
              10.7467103,
              53.9999623
            ],
            [
              10.7466848,
              53.9999742
            ],
            [
              10.7466573,
              53.9999777
            ],
            [
              10.7466245,
              53.9999738
            ],
            [
              10.7466044,
              53.9999604
            ],
            [
              10.7466044,
              53.9999355
            ],
            [
              10.7466171,
              53.9999178
            ],
            [
              10.7466365,
              53.9998946
            ],
            [
              10.7466379,
              53.9998804
            ],
            [
              10.7466305,
              53.9998634
            ],
            [
              10.7466124,
              53.9998437
            ],
            [
              10.746607,
              53.9998232
            ],
            [
              10.7466164,
              53.9998071
            ],
            [
              10.7466419,
              53.9997933
            ],
            [
              10.7466634,
              53.9997893
            ],
            [
              10.7466828,
              53.9997921
            ]
          ]
        ]
      },
      "id": "way/1084728184"
    },
    {
      "type": "Feature",
      "properties": {
        "@id": "way/1084728185",
        "golf": "bunker"
      },
      "geometry": {
        "type": "Polygon",
        "coordinates": [
          [
            [
              10.747183,
              53.9996395
            ],
            [
              10.7472045,
              53.9996269
            ],
            [
              10.7472333,
              53.999619
            ],
            [
              10.7472736,
              53.9996238
            ],
            [
              10.7473004,
              53.9996399
            ],
            [
              10.7473064,
              53.9996699
            ],
            [
              10.747285,
              53.9996904
            ],
            [
              10.7472769,
              53.9997152
            ],
            [
              10.7472648,
              53.9997408
            ],
            [
              10.7472353,
              53.9997609
            ],
            [
              10.7471904,
              53.9997708
            ],
            [
              10.7471683,
              53.999798
            ],
            [
              10.7471488,
              53.9998142
            ],
            [
              10.7471281,
              53.9998185
            ],
            [
              10.7470724,
              53.9998193
            ],
            [
              10.7470114,
              53.9998047
            ],
            [
              10.7469859,
              53.9997858
            ],
            [
              10.7469812,
              53.9997704
            ],
            [
              10.7469892,
              53.9997452
            ],
            [
              10.7470147,
              53.9997278
            ],
            [
              10.7470771,
              53.9997263
            ],
            [
              10.7471079,
              53.9997223
            ],
            [
              10.7471187,
              53.9997125
            ],
            [
              10.747118,
              53.9996963
            ],
            [
              10.7471213,
              53.9996797
            ],
            [
              10.7471395,
              53.9996616
            ],
            [
              10.7471623,
              53.9996569
            ],
            [
              10.747183,
              53.9996395
            ]
          ]
        ]
      },
      "id": "way/1084728185"
    },
    {
      "type": "Feature",
      "properties": {
        "@id": "way/1084729198",
        "golf": "fairway"
      },
      "geometry": {
        "type": "Polygon",
        "coordinates": [
          [
            [
              10.7509777,
              54.008229
            ],
            [
              10.7511252,
              54.0081833
            ],
            [
              10.7512245,
              54.0081325
            ],
            [
              10.7512861,
              54.0080777
            ],
            [
              10.7512969,
              54.0080103
            ],
            [
              10.7512868,
              54.0079398
            ],
            [
              10.7513022,
              54.0078602
            ],
            [
              10.7513398,
              54.0076616
            ],
            [
              10.751549,
              54.007381
            ],
            [
              10.7517086,
              54.0071714
            ],
            [
              10.7518521,
              54.0068183
            ],
            [
              10.7519607,
              54.0067213
            ],
            [
              10.752001,
              54.0066709
            ],
            [
              10.7520103,
              54.0066094
            ],
            [
              10.7520077,
              54.0065795
            ],
            [
              10.7520184,
              54.0065377
            ],
            [
              10.752068,
              54.0065022
            ],
            [
              10.7521833,
              54.0064967
            ],
            [
              10.7522772,
              54.0065101
            ],
            [
              10.7523537,
              54.0065393
            ],
            [
              10.7523899,
              54.0065842
            ],
            [
              10.752351,
              54.0066401
            ],
            [
              10.7522665,
              54.0066732
            ],
            [
              10.752182,
              54.0067016
            ],
            [
              10.7521552,
              54.0067308
            ],
            [
              10.7521699,
              54.0067741
            ],
            [
              10.7522169,
              54.0068088
            ],
            [
              10.7522571,
              54.0068876
            ],
            [
              10.7522437,
              54.0069554
            ],
            [
              10.752182,
              54.0071036
            ],
            [
              10.7522088,
              54.0071714
            ],
            [
              10.7522169,
              54.0072738
            ],
            [
              10.7521954,
              54.0073715
            ],
            [
              10.7520264,
              54.0074488
            ],
            [
              10.7519084,
              54.0075197
            ],
            [
              10.7518092,
              54.0076884
            ],
            [
              10.7515892,
              54.0080241
            ],
            [
              10.751439,
              54.0082479
            ],
            [
              10.7513559,
              54.0084087
            ],
            [
              10.7512727,
              54.008456
            ],
            [
              10.751144,
              54.0084639
            ],
            [
              10.7510421,
              54.0084371
            ],
            [
              10.7509455,
              54.0083804
            ],
            [
              10.7509133,
              54.0083015
            ],
            [
              10.7509777,
              54.008229
            ]
          ]
        ]
      },
      "id": "way/1084729198"
    },
    {
      "type": "Feature",
      "properties": {
        "@id": "way/1084729199",
        "golf": "fairway"
      },
      "geometry": {
        "type": "Polygon",
        "coordinates": [
          [
            [
              10.7495695,
              54.0085332
            ],
            [
              10.7496929,
              54.0085001
            ],
            [
              10.7498082,
              54.0085096
            ],
            [
              10.7499021,
              54.0085364
            ],
            [
              10.7499504,
              54.0086278
            ],
            [
              10.7498994,
              54.0087035
            ],
            [
              10.7498512,
              54.008735
            ],
            [
              10.7498029,
              54.0087618
            ],
            [
              10.7497841,
              54.0087996
            ],
            [
              10.7499075,
              54.0089052
            ],
            [
              10.749945,
              54.0089242
            ],
            [
              10.7499397,
              54.0089888
            ],
            [
              10.7498646,
              54.0090329
            ],
            [
              10.7497358,
              54.0090471
            ],
            [
              10.7496285,
              54.0090345
            ],
            [
              10.7496071,
              54.0089856
            ],
            [
              10.7496285,
              54.0089446
            ],
            [
              10.7496232,
              54.0088564
            ],
            [
              10.7496071,
              54.0088312
            ],
            [
              10.7495803,
              54.0088059
            ],
            [
              10.7494998,
              54.0087334
            ],
            [
              10.7494783,
              54.0086546
            ],
            [
              10.7494971,
              54.0085774
            ],
            [
              10.7495695,
              54.0085332
            ]
          ]
        ]
      },
      "id": "way/1084729199"
    },
    {
      "type": "Feature",
      "properties": {
        "@id": "way/1084729200",
        "golf": "fairway"
      },
      "geometry": {
        "type": "Polygon",
        "coordinates": [
          [
            [
              10.751372,
              54.0048163
            ],
            [
              10.751439,
              54.0047674
            ],
            [
              10.7515597,
              54.0047422
            ],
            [
              10.7516938,
              54.0047485
            ],
            [
              10.7518011,
              54.0047737
            ],
            [
              10.7518923,
              54.0048147
            ],
            [
              10.7518575,
              54.0049203
            ],
            [
              10.7518065,
              54.005078
            ],
            [
              10.7517529,
              54.0052293
            ],
            [
              10.7516697,
              54.0053176
            ],
            [
              10.7515785,
              54.005346
            ],
            [
              10.7515195,
              54.0054122
            ],
            [
              10.7514954,
              54.0054658
            ],
            [
              10.7514846,
              54.0055462
            ],
            [
              10.7515222,
              54.0056045
            ],
            [
              10.7515973,
              54.0056644
            ],
            [
              10.7516053,
              54.0057322
            ],
            [
              10.7513398,
              54.006079
            ],
            [
              10.7513076,
              54.0061862
            ],
            [
              10.7512137,
              54.0063564
            ],
            [
              10.7511789,
              54.0065014
            ],
            [
              10.7511359,
              54.0066937
            ],
            [
              10.7510903,
              54.0068435
            ],
            [
              10.7510126,
              54.007009
            ],
            [
              10.7508463,
              54.0071761
            ],
            [
              10.7508248,
              54.0073258
            ],
            [
              10.7507524,
              54.0074961
            ],
            [
              10.7507068,
              54.0076064
            ],
            [
              10.7506075,
              54.0076836
            ],
            [
              10.7505593,
              54.0077467
            ],
            [
              10.7506022,
              54.0078003
            ],
            [
              10.7506317,
              54.0078633
            ],
            [
              10.7506424,
              54.0079122
            ],
            [
              10.7506183,
              54.00798
            ],
            [
              10.7505539,
              54.0080194
            ],
            [
              10.7504359,
              54.008032
            ],
            [
              10.750342,
              54.0080257
            ],
            [
              10.7502374,
              54.00798
            ],
            [
              10.7502159,
              54.0079075
            ],
            [
              10.7502401,
              54.0078082
            ],
            [
              10.7502964,
              54.0077073
            ],
            [
              10.7503903,
              54.0076174
            ],
            [
              10.750452,
              54.0074819
            ],
            [
              10.7504117,
              54.0073511
            ],
            [
              10.7503903,
              54.0071887
            ],
            [
              10.7505432,
              54.0069759
            ],
            [
              10.7506075,
              54.0067946
            ],
            [
              10.7506719,
              54.0066764
            ],
            [
              10.750806,
              54.006421
            ],
            [
              10.750857,
              54.0062949
            ],
            [
              10.7509455,
              54.0060821
            ],
            [
              10.7510635,
              54.0058299
            ],
            [
              10.7511735,
              54.0055856
            ],
            [
              10.751203,
              54.0054153
            ],
            [
              10.7513586,
              54.0051584
            ],
            [
              10.7513532,
              54.0050417
            ],
            [
              10.7513586,
              54.0049345
            ],
            [
              10.751372,
              54.0048163
            ]
          ]
        ]
      },
      "id": "way/1084729200"
    },
    {
      "type": "Feature",
      "properties": {
        "@id": "way/1084729201",
        "golf": "fairway"
      },
      "geometry": {
        "type": "Polygon",
        "coordinates": [
          [
            [
              10.7528016,
              54.0014861
            ],
            [
              10.7529022,
              54.0015018
            ],
            [
              10.7529733,
              54.001531
            ],
            [
              10.7530121,
              54.0015901
            ],
            [
              10.7529961,
              54.0016729
            ],
            [
              10.7529008,
              54.0018234
            ],
            [
              10.7528485,
              54.0019511
            ],
            [
              10.7527345,
              54.0021797
            ],
            [
              10.7526863,
              54.0022381
            ],
            [
              10.7525924,
              54.0023508
            ],
            [
              10.7524905,
              54.0024769
            ],
            [
              10.7523859,
              54.0026353
            ],
            [
              10.7523309,
              54.0027725
            ],
            [
              10.7523148,
              54.002856
            ],
            [
              10.7522517,
              54.0029396
            ],
            [
              10.752186,
              54.0030011
            ],
            [
              10.7520774,
              54.0030436
            ],
            [
              10.7520197,
              54.0030689
            ],
            [
              10.7520023,
              54.003102
            ],
            [
              10.7520077,
              54.0031713
            ],
            [
              10.7520184,
              54.0032375
            ],
            [
              10.7520157,
              54.0032809
            ],
            [
              10.7519715,
              54.0033242
            ],
            [
              10.7518829,
              54.0033534
            ],
            [
              10.7517622,
              54.0033566
            ],
            [
              10.7516456,
              54.0033085
            ],
            [
              10.7516053,
              54.0032423
            ],
            [
              10.7515933,
              54.0031634
            ],
            [
              10.7516778,
              54.0030862
            ],
            [
              10.7517555,
              54.0030019
            ],
            [
              10.7518534,
              54.0029372
            ],
            [
              10.7519567,
              54.0029073
            ],
            [
              10.7520184,
              54.0028828
            ],
            [
              10.7520345,
              54.0028474
            ],
            [
              10.7520291,
              54.0028213
            ],
            [
              10.7520063,
              54.002778
            ],
            [
              10.7520023,
              54.0027142
            ],
            [
              10.7520479,
              54.0026408
            ],
            [
              10.7521096,
              54.0025604
            ],
            [
              10.752174,
              54.0024099
            ],
            [
              10.7522061,
              54.0023043
            ],
            [
              10.7523496,
              54.0020804
            ],
            [
              10.7524502,
              54.0018912
            ],
            [
              10.7526071,
              54.00168
            ],
            [
              10.7526527,
              54.0015846
            ],
            [
              10.7527292,
              54.0015034
            ],
            [
              10.7528016,
              54.0014861
            ]
          ]
        ]
      },
      "id": "way/1084729201"
    },
    {
      "type": "Feature",
      "properties": {
        "@id": "way/1084729202",
        "golf": "bunker"
      },
      "geometry": {
        "type": "Polygon",
        "coordinates": [
          [
            [
              10.7516529,
              54.0054031
            ],
            [
              10.751668,
              54.0054039
            ],
            [
              10.7516851,
              54.0053974
            ],
            [
              10.7517042,
              54.0053972
            ],
            [
              10.7517143,
              54.0054037
            ],
            [
              10.7517126,
              54.0054141
            ],
            [
              10.7517046,
              54.0054238
            ],
            [
              10.7517009,
              54.0054338
            ],
            [
              10.7517022,
              54.0054451
            ],
            [
              10.7517032,
              54.0054599
            ],
            [
              10.7516995,
              54.0054689
            ],
            [
              10.7517069,
              54.0054872
            ],
            [
              10.7517086,
              54.0055032
            ],
            [
              10.7517056,
              54.0055125
            ],
            [
              10.7516945,
              54.0055215
            ],
            [
              10.7516747,
              54.0055263
            ],
            [
              10.7516637,
              54.0055265
            ],
            [
              10.7516456,
              54.0055322
            ],
            [
              10.7516446,
              54.0055428
            ],
            [
              10.7516446,
              54.0055527
            ],
            [
              10.7516315,
              54.0055564
            ],
            [
              10.7516265,
              54.0055596
            ],
            [
              10.751614,
              54.0055639
            ],
            [
              10.7516037,
              54.0055714
            ],
            [
              10.7515839,
              54.0055738
            ],
            [
              10.7515728,
              54.0055726
            ],
            [
              10.7515621,
              54.0055671
            ],
            [
              10.7515567,
              54.0055582
            ],
            [
              10.7515467,
              54.0055477
            ],
            [
              10.7515349,
              54.0055426
            ],
            [
              10.7515296,
              54.0055341
            ],
            [
              10.7515369,
              54.0055247
            ],
            [
              10.7515426,
              54.0055162
            ],
            [
              10.7515366,
              54.0055066
            ],
            [
              10.7515272,
              54.0054987
            ],
            [
              10.7515302,
              54.005491
            ],
            [
              10.7515262,
              54.0054737
            ],
            [
              10.7515343,
              54.0054666
            ],
            [
              10.7515584,
              54.0054516
            ],
            [
              10.7515745,
              54.0054539
            ],
            [
              10.7515879,
              54.0054429
            ],
            [
              10.7515852,
              54.0054232
            ],
            [
              10.7515752,
              54.005409
            ],
            [
              10.7515725,
              54.0053964
            ],
            [
              10.7515825,
              54.005385
            ],
            [
              10.7516067,
              54.0053787
            ],
            [
              10.7516281,
              54.0053838
            ],
            [
              10.7516395,
              54.0053968
            ],
            [
              10.7516529,
              54.0054031
            ]
          ]
        ]
      },
      "id": "way/1084729202"
    },
    {
      "type": "Feature",
      "properties": {
        "@id": "way/1084731431",
        "golf": "fairway"
      },
      "geometry": {
        "type": "Polygon",
        "coordinates": [
          [
            [
              10.745962,
              54.0089281
            ],
            [
              10.7458976,
              54.0088808
            ],
            [
              10.7458654,
              54.0088327
            ],
            [
              10.7458761,
              54.008772
            ],
            [
              10.745911,
              54.0087066
            ],
            [
              10.7460183,
              54.0086727
            ],
            [
              10.7461537,
              54.0086727
            ],
            [
              10.746257,
              54.0087019
            ],
            [
              10.7463536,
              54.0087728
            ],
            [
              10.7463562,
              54.0088438
            ],
            [
              10.7463697,
              54.0088997
            ],
            [
              10.7463817,
              54.0089131
            ],
            [
              10.7464327,
              54.0089257
            ],
            [
              10.7464984,
              54.0089178
            ],
            [
              10.746552,
              54.008906
            ],
            [
              10.7466795,
              54.0088863
            ],
            [
              10.7467894,
              54.0089123
            ],
            [
              10.7468122,
              54.0089825
            ],
            [
              10.7467626,
              54.0090258
            ],
            [
              10.7466888,
              54.0090432
            ],
            [
              10.7465507,
              54.0090692
            ],
            [
              10.7464635,
              54.0090747
            ],
            [
              10.7463589,
              54.0090534
            ],
            [
              10.746249,
              54.0090235
            ],
            [
              10.746084,
              54.0089777
            ],
            [
              10.745962,
              54.0089281
            ]
          ]
        ]
      },
      "id": "way/1084731431"
    },
    {
      "type": "Feature",
      "properties": {
        "@id": "way/1084731432",
        "golf": "fairway"
      },
      "geometry": {
        "type": "Polygon",
        "coordinates": [
          [
            [
              10.7441461,
              54.0083189
            ],
            [
              10.744248,
              54.0083212
            ],
            [
              10.7445404,
              54.0083055
            ],
            [
              10.7449186,
              54.0083291
            ],
            [
              10.7453169,
              54.0083859
            ],
            [
              10.7456414,
              54.0084473
            ],
            [
              10.7458077,
              54.0085285
            ],
            [
              10.7457809,
              54.0085813
            ],
            [
              10.7457152,
              54.0086357
            ],
            [
              10.7456388,
              54.0086688
            ],
            [
              10.7455596,
              54.0086727
            ],
            [
              10.7453893,
              54.0086318
            ],
            [
              10.7451385,
              54.0085963
            ],
            [
              10.7448126,
              54.0086065
            ],
            [
              10.7445109,
              54.0086097
            ],
            [
              10.7442789,
              54.0085719
            ],
            [
              10.7441461,
              54.0085301
            ],
            [
              10.7439423,
              54.0085064
            ],
            [
              10.7438537,
              54.0084749
            ],
            [
              10.7438242,
              54.0084276
            ],
            [
              10.7438806,
              54.0083536
            ],
            [
              10.743949,
              54.0083071
            ],
            [
              10.7440563,
              54.0083086
            ],
            [
              10.7441461,
              54.0083189
            ]
          ]
        ]
      },
      "id": "way/1084731432"
    },
    {
      "type": "Feature",
      "properties": {
        "@id": "way/1084731433",
        "golf": "fairway"
      },
      "geometry": {
        "type": "Polygon",
        "coordinates": [
          [
            [
              10.7445726,
              54.0097138
            ],
            [
              10.7445417,
              54.0097903
            ],
            [
              10.7444465,
              54.009832
            ],
            [
              10.7437438,
              54.009758
            ],
            [
              10.7435091,
              54.0097304
            ],
            [
              10.7432945,
              54.0096776
            ],
            [
              10.7431537,
              54.0096145
            ],
            [
              10.7429311,
              54.0095475
            ],
            [
              10.7426441,
              54.0094987
            ],
            [
              10.7424054,
              54.0094396
            ],
            [
              10.7422391,
              54.0092946
            ],
            [
              10.7420768,
              54.0091346
            ],
            [
              10.7419896,
              54.0090353
            ],
            [
              10.7418367,
              54.0089754
            ],
            [
              10.7417214,
              54.0089131
            ],
            [
              10.7416704,
              54.0088477
            ],
            [
              10.7416771,
              54.008791
            ],
            [
              10.7416463,
              54.0087177
            ],
            [
              10.7416141,
              54.0086767
            ],
            [
              10.7415926,
              54.008627
            ],
            [
              10.7415739,
              54.008575
            ],
            [
              10.7415779,
              54.0085057
            ],
            [
              10.7416315,
              54.0084552
            ],
            [
              10.7417361,
              54.0084324
            ],
            [
              10.7418635,
              54.00846
            ],
            [
              10.7419159,
              54.008534
            ],
            [
              10.741936,
              54.0085971
            ],
            [
              10.7419547,
              54.0086869
            ],
            [
              10.7420446,
              54.00875
            ],
            [
              10.7421881,
              54.0088335
            ],
            [
              10.7424188,
              54.0089549
            ],
            [
              10.7425448,
              54.0090715
            ],
            [
              10.7426669,
              54.0091882
            ],
            [
              10.742813,
              54.0092835
            ],
            [
              10.7429659,
              54.0093237
            ],
            [
              10.7432449,
              54.0093828
            ],
            [
              10.7434192,
              54.009464
            ],
            [
              10.7435426,
              54.0095152
            ],
            [
              10.7436633,
              54.0095483
            ],
            [
              10.7437639,
              54.0095515
            ],
            [
              10.7439369,
              54.0095341
            ],
            [
              10.7440442,
              54.0095121
            ],
            [
              10.7442118,
              54.0095294
            ],
            [
              10.7444049,
              54.0095759
            ],
            [
              10.7445672,
              54.009609
            ],
            [
              10.7446048,
              54.0096681
            ],
            [
              10.7445726,
              54.0097138
            ]
          ]
        ]
      },
      "id": "way/1084731433"
    },
    {
      "type": "Feature",
      "properties": {
        "@id": "way/1084731434",
        "golf": "fairway"
      },
      "geometry": {
        "type": "Polygon",
        "coordinates": [
          [
            [
              10.7475418,
              54.0081439
            ],
            [
              10.747574,
              54.0081991
            ],
            [
              10.7475176,
              54.0082621
            ],
            [
              10.7474452,
              54.0083283
            ],
            [
              10.7474345,
              54.0084135
            ],
            [
              10.7473943,
              54.0084844
            ],
            [
              10.7472736,
              54.0085269
            ],
            [
              10.7472293,
              54.0085459
            ],
            [
              10.7471931,
              54.0085742
            ],
            [
              10.7471851,
              54.0086022
            ],
            [
              10.7472105,
              54.0086471
            ],
            [
              10.7472032,
              54.0086787
            ],
            [
              10.7471871,
              54.0087173
            ],
            [
              10.747177,
              54.0087559
            ],
            [
              10.7471193,
              54.0087933
            ],
            [
              10.7469933,
              54.0088099
            ],
            [
              10.7468759,
              54.0087823
            ],
            [
              10.7468169,
              54.0087153
            ],
            [
              10.7468223,
              54.0086188
            ],
            [
              10.7468652,
              54.0085482
            ],
            [
              10.746951,
              54.0084797
            ],
            [
              10.7469886,
              54.0083902
            ],
            [
              10.7470838,
              54.0083386
            ],
            [
              10.7472172,
              54.0082834
            ],
            [
              10.7472132,
              54.0082046
            ],
            [
              10.7472266,
              54.0081408
            ],
            [
              10.7473098,
              54.0081084
            ],
            [
              10.7473674,
              54.008099
            ],
            [
              10.7474881,
              54.0081077
            ],
            [
              10.7475418,
              54.0081439
            ]
          ]
        ]
      },
      "id": "way/1084731434"
    },
    {
      "type": "Feature",
      "properties": {
        "@id": "way/1084731435",
        "golf": "fairway"
      },
      "geometry": {
        "type": "Polygon",
        "coordinates": [
          [
            [
              10.7483625,
              54.0036324
            ],
            [
              10.7484698,
              54.0036892
            ],
            [
              10.748443,
              54.0038311
            ],
            [
              10.7485127,
              54.003995
            ],
            [
              10.74862,
              54.0041463
            ],
            [
              10.7486683,
              54.0042851
            ],
            [
              10.7486683,
              54.0044553
            ],
            [
              10.7486147,
              54.0046067
            ],
            [
              10.7486951,
              54.0047895
            ],
            [
              10.7487434,
              54.0049125
            ],
            [
              10.7486737,
              54.0051237
            ],
            [
              10.7486576,
              54.0052009
            ],
            [
              10.7485744,
              54.0052987
            ],
            [
              10.7485718,
              54.0053665
            ],
            [
              10.7486629,
              54.0054673
            ],
            [
              10.748789,
              54.0056076
            ],
            [
              10.7488024,
              54.0057306
            ],
            [
              10.7486844,
              54.0059166
            ],
            [
              10.7486656,
              54.0059986
            ],
            [
              10.7486495,
              54.0061326
            ],
            [
              10.7486817,
              54.0062398
            ],
            [
              10.7487783,
              54.0063233
            ],
            [
              10.7488319,
              54.006421
            ],
            [
              10.7487354,
              54.0065203
            ],
            [
              10.7486227,
              54.0066086
            ],
            [
              10.7485691,
              54.0066685
            ],
            [
              10.7485557,
              54.0067048
            ],
            [
              10.7486066,
              54.0067962
            ],
            [
              10.7486308,
              54.0068309
            ],
            [
              10.7486308,
              54.0068797
            ],
            [
              10.7485583,
              54.0069176
            ],
            [
              10.7484832,
              54.0069286
            ],
            [
              10.7483625,
              54.006927
            ],
            [
              10.7482606,
              54.0068782
            ],
            [
              10.7482445,
              54.0067584
            ],
            [
              10.7482713,
              54.0066433
            ],
            [
              10.7483223,
              54.0065629
            ],
            [
              10.748274,
              54.0064321
            ],
            [
              10.7482472,
              54.0063075
            ],
            [
              10.7483089,
              54.0062303
            ],
            [
              10.7483384,
              54.0061609
            ],
            [
              10.748333,
              54.0061073
            ],
            [
              10.7482874,
              54.0060443
            ],
            [
              10.7482257,
              54.0059639
            ],
            [
              10.7482311,
              54.0057605
            ],
            [
              10.7482633,
              54.0056281
            ],
            [
              10.7482848,
              54.0054815
            ],
            [
              10.7482553,
              54.0053397
            ],
            [
              10.7481694,
              54.0052356
            ],
            [
              10.7481319,
              54.005078
            ],
            [
              10.748105,
              54.0049314
            ],
            [
              10.7481185,
              54.0047848
            ],
            [
              10.7481238,
              54.004665
            ],
            [
              10.748105,
              54.0045609
            ],
            [
              10.7480487,
              54.0044853
            ],
            [
              10.7480165,
              54.0043261
            ],
            [
              10.7480514,
              54.0042031
            ],
            [
              10.7480916,
              54.0040628
            ],
            [
              10.748105,
              54.003954
            ],
            [
              10.7480836,
              54.0038358
            ],
            [
              10.7480434,
              54.0037538
            ],
            [
              10.7480326,
              54.0037144
            ],
            [
              10.7481104,
              54.0036324
            ],
            [
              10.7482526,
              54.0036104
            ],
            [
              10.7483625,
              54.0036324
            ]
          ]
        ]
      },
      "id": "way/1084731435"
    },
    {
      "type": "Feature",
      "properties": {
        "@id": "way/1084731436",
        "golf": "fairway"
      },
      "geometry": {
        "type": "Polygon",
        "coordinates": [
          [
            [
              10.7493335,
              54.0000727
            ],
            [
              10.7493804,
              54.0000774
            ],
            [
              10.7494059,
              54.0001255
            ],
            [
              10.7494019,
              54.000198
            ],
            [
              10.7493684,
              54.0002319
            ],
            [
              10.7492222,
              54.0002879
            ],
            [
              10.7490385,
              54.0003391
            ],
            [
              10.7488547,
              54.0003833
            ],
            [
              10.7485396,
              54.0005063
            ],
            [
              10.7481641,
              54.0006663
            ],
            [
              10.7480943,
              54.0007309
            ],
            [
              10.7480259,
              54.0008972
            ],
            [
              10.7479388,
              54.0010281
            ],
            [
              10.7478395,
              54.0011432
            ],
            [
              10.7476625,
              54.0013261
            ],
            [
              10.7475471,
              54.0013473
            ],
            [
              10.747468,
              54.0013757
            ],
            [
              10.7474479,
              54.0014246
            ],
            [
              10.74746,
              54.0014679
            ],
            [
              10.7474948,
              54.0015113
            ],
            [
              10.7474922,
              54.0015326
            ],
            [
              10.7475029,
              54.0015972
            ],
            [
              10.7474774,
              54.001639
            ],
            [
              10.7473876,
              54.001676
            ],
            [
              10.7472414,
              54.0016863
            ],
            [
              10.7471368,
              54.00165
            ],
            [
              10.7470617,
              54.0015846
            ],
            [
              10.7470362,
              54.0014892
            ],
            [
              10.7470898,
              54.0014049
            ],
            [
              10.7471663,
              54.0013024
            ],
            [
              10.7471555,
              54.0011984
            ],
            [
              10.747236,
              54.0010912
            ],
            [
              10.7473969,
              54.0010312
            ],
            [
              10.7474774,
              54.0009367
            ],
            [
              10.7475632,
              54.0008168
            ],
            [
              10.747692,
              54.0007096
            ],
            [
              10.7478905,
              54.0006403
            ],
            [
              10.747987,
              54.0005804
            ],
            [
              10.7480138,
              54.0004952
            ],
            [
              10.7480997,
              54.0004101
            ],
            [
              10.748266,
              54.0003596
            ],
            [
              10.7484108,
              54.0002714
            ],
            [
              10.7485503,
              54.0001484
            ],
            [
              10.7487541,
              54.0001011
            ],
            [
              10.7489687,
              54.0000948
            ],
            [
              10.7492047,
              54.0000664
            ],
            [
              10.7493335,
              54.0000727
            ]
          ]
        ]
      },
      "id": "way/1084731436"
    },
    {
      "type": "Feature",
      "properties": {
        "@id": "way/1084731437",
        "golf": "fairway"
      },
      "geometry": {
        "type": "Polygon",
        "coordinates": [
          [
            [
              10.7526728,
              54.0002438
            ],
            [
              10.7527278,
              54.0002453
            ],
            [
              10.7527828,
              54.0002453
            ],
            [
              10.752874,
              54.0002327
            ],
            [
              10.752925,
              54.0001988
            ],
            [
              10.7529733,
              54.0001373
            ],
            [
              10.7530484,
              54.0000766
            ],
            [
              10.753157,
              54.0000625
            ],
            [
              10.7532415,
              54.0000916
            ],
            [
              10.753267,
              54.0001586
            ],
            [
              10.7531986,
              54.0002335
            ],
            [
              10.7531382,
              54.0002777
            ],
            [
              10.7531315,
              54.0003194
            ],
            [
              10.7531194,
              54.0003636
            ],
            [
              10.7530121,
              54.0003864
            ],
            [
              10.7529089,
              54.0003896
            ],
            [
              10.7527976,
              54.000377
            ],
            [
              10.7526849,
              54.0004022
            ],
            [
              10.7525092,
              54.0004487
            ],
            [
              10.7523483,
              54.0004487
            ],
            [
              10.7522424,
              54.000418
            ],
            [
              10.7522102,
              54.0003659
            ],
            [
              10.7522571,
              54.0003179
            ],
            [
              10.7523027,
              54.0002485
            ],
            [
              10.7524006,
              54.0001996
            ],
            [
              10.7525079,
              54.0001996
            ],
            [
              10.7525897,
              54.0002264
            ],
            [
              10.7526728,
              54.0002438
            ]
          ]
        ]
      },
      "id": "way/1084731437"
    },
    {
      "type": "Feature",
      "properties": {
        "@id": "way/1084731438",
        "golf": "fairway"
      },
      "geometry": {
        "type": "Polygon",
        "coordinates": [
          [
            [
              10.7508838,
              54.0005141
            ],
            [
              10.7509375,
              54.0004889
            ],
            [
              10.7512003,
              54.0004132
            ],
            [
              10.7513612,
              54.000347
            ],
            [
              10.7515866,
              54.0002272
            ],
            [
              10.7517475,
              54.0002114
            ],
            [
              10.7518601,
              54.0002461
            ],
            [
              10.7518709,
              54.0003849
            ],
            [
              10.7517636,
              54.0004732
            ],
            [
              10.7514471,
              54.0005867
            ],
            [
              10.7512218,
              54.0006434
            ],
            [
              10.7510072,
              54.0007569
            ],
            [
              10.7508409,
              54.0008389
            ],
            [
              10.750637,
              54.000902
            ],
            [
              10.7505351,
              54.0009682
            ],
            [
              10.750283,
              54.0010817
            ],
            [
              10.7500523,
              54.0011195
            ],
            [
              10.7498914,
              54.001047
            ],
            [
              10.7498646,
              54.0009808
            ],
            [
              10.7499289,
              54.0008799
            ],
            [
              10.7501435,
              54.0007979
            ],
            [
              10.7504171,
              54.0006844
            ],
            [
              10.7506692,
              54.0005835
            ],
            [
              10.7508838,
              54.0005141
            ]
          ]
        ]
      },
      "id": "way/1084731438"
    },
    {
      "type": "Feature",
      "properties": {
        "@id": "way/1084731439",
        "golf": "fairway"
      },
      "geometry": {
        "type": "Polygon",
        "coordinates": [
          [
            [
              10.7495695,
              54.0049093
            ],
            [
              10.7495883,
              54.0048242
            ],
            [
              10.7495937,
              54.0047249
            ],
            [
              10.7496822,
              54.0045988
            ],
            [
              10.7498163,
              54.0045168
            ],
            [
              10.7498619,
              54.0044774
            ],
            [
              10.7498646,
              54.0044254
            ],
            [
              10.7497975,
              54.004356
            ],
            [
              10.749701,
              54.004252
            ],
            [
              10.7496929,
              54.0041526
            ],
            [
              10.7496554,
              54.0040754
            ],
            [
              10.7495964,
              54.0039146
            ],
            [
              10.7495347,
              54.0037428
            ],
            [
              10.7495159,
              54.0036198
            ],
            [
              10.7495856,
              54.0035378
            ],
            [
              10.749658,
              54.0034638
            ],
            [
              10.7496634,
              54.0034259
            ],
            [
              10.7496527,
              54.0033629
            ],
            [
              10.7494837,
              54.0032966
            ],
            [
              10.7492879,
              54.0031658
            ],
            [
              10.7491779,
              54.0030491
            ],
            [
              10.7491377,
              54.0029293
            ],
            [
              10.7490948,
              54.0028521
            ],
            [
              10.7490438,
              54.002726
            ],
            [
              10.7489714,
              54.0026393
            ],
            [
              10.7489902,
              54.0025368
            ],
            [
              10.7489285,
              54.0024895
            ],
            [
              10.7488427,
              54.0023697
            ],
            [
              10.7488722,
              54.0023003
            ],
            [
              10.7489821,
              54.0022294
            ],
            [
              10.7491082,
              54.0022215
            ],
            [
              10.7492369,
              54.0022467
            ],
            [
              10.7493228,
              54.0022893
            ],
            [
              10.7492986,
              54.0024233
            ],
            [
              10.749304,
              54.0024785
            ],
            [
              10.749422,
              54.0025668
            ],
            [
              10.7494596,
              54.0026408
            ],
            [
              10.7494944,
              54.0027244
            ],
            [
              10.7494917,
              54.0028143
            ],
            [
              10.7495481,
              54.0028947
            ],
            [
              10.7496634,
              54.0029751
            ],
            [
              10.7497734,
              54.0030823
            ],
            [
              10.7498243,
              54.0032683
            ],
            [
              10.7498619,
              54.0033566
            ],
            [
              10.7499826,
              54.0034527
            ],
            [
              10.7500443,
              54.0035457
            ],
            [
              10.750055,
              54.0036734
            ],
            [
              10.7500523,
              54.003943
            ],
            [
              10.7501006,
              54.0041069
            ],
            [
              10.7502213,
              54.0043465
            ],
            [
              10.7502723,
              54.0045862
            ],
            [
              10.7502428,
              54.0047517
            ],
            [
              10.7501838,
              54.0049613
            ],
            [
              10.7500872,
              54.0051363
            ],
            [
              10.7498673,
              54.0051489
            ],
            [
              10.7497036,
              54.005119
            ],
            [
              10.749591,
              54.0050386
            ],
            [
              10.7495695,
              54.0049093
            ]
          ]
        ]
      },
      "id": "way/1084731439"
    },
    {
      "type": "Feature",
      "properties": {
        "@id": "way/1084731440",
        "golf": "fairway"
      },
      "geometry": {
        "type": "Polygon",
        "coordinates": [
          [
            [
              10.7485798,
              54.0079879
            ],
            [
              10.7485315,
              54.0079721
            ],
            [
              10.7484725,
              54.0079185
            ],
            [
              10.7484966,
              54.0078649
            ],
            [
              10.7485852,
              54.0077341
            ],
            [
              10.7487005,
              54.0076868
            ],
            [
              10.7488239,
              54.0076773
            ],
            [
              10.7488668,
              54.0076285
            ],
            [
              10.7488292,
              54.0075339
            ],
            [
              10.7488266,
              54.0074188
            ],
            [
              10.7489446,
              54.0073006
            ],
            [
              10.7490545,
              54.0072186
            ],
            [
              10.749186,
              54.007072
            ],
            [
              10.7492503,
              54.0069412
            ],
            [
              10.7493362,
              54.0066504
            ],
            [
              10.7493623,
              54.0065865
            ],
            [
              10.7494254,
              54.006529
            ],
            [
              10.7495099,
              54.0065018
            ],
            [
              10.7495803,
              54.00646
            ],
            [
              10.7496044,
              54.0064005
            ],
            [
              10.7495856,
              54.0063028
            ],
            [
              10.7495635,
              54.0062563
            ],
            [
              10.7495669,
              54.0061759
            ],
            [
              10.7496359,
              54.006103
            ],
            [
              10.7497137,
              54.006077
            ],
            [
              10.7498579,
              54.006066
            ],
            [
              10.7499927,
              54.0060829
            ],
            [
              10.7500403,
              54.0061294
            ],
            [
              10.7500376,
              54.0061692
            ],
            [
              10.7500094,
              54.0062118
            ],
            [
              10.7499239,
              54.0062537
            ],
            [
              10.7498827,
              54.0062685
            ],
            [
              10.749821,
              54.0062977
            ],
            [
              10.7498005,
              54.0063247
            ],
            [
              10.7498039,
              54.0063603
            ],
            [
              10.7498297,
              54.0064195
            ],
            [
              10.7498538,
              54.0065361
            ],
            [
              10.7498458,
              54.0066717
            ],
            [
              10.7497627,
              54.0068671
            ],
            [
              10.7496205,
              54.007009
            ],
            [
              10.749473,
              54.0071493
            ],
            [
              10.7493764,
              54.0072833
            ],
            [
              10.7492074,
              54.0075355
            ],
            [
              10.7490143,
              54.0077231
            ],
            [
              10.7488614,
              54.0078633
            ],
            [
              10.7487085,
              54.0079611
            ],
            [
              10.7485798,
              54.0079879
            ]
          ]
        ]
      },
      "id": "way/1084731440"
    },
    {
      "type": "Feature",
      "properties": {
        "@id": "way/1084731441",
        "golf": "fairway"
      },
      "geometry": {
        "type": "Polygon",
        "coordinates": [
          [
            [
              10.7474801,
              54.0094081
            ],
            [
              10.7476142,
              54.0094285
            ],
            [
              10.7477725,
              54.0094396
            ],
            [
              10.7479656,
              54.0094869
            ],
            [
              10.748038,
              54.0095704
            ],
            [
              10.748038,
              54.0095909
            ],
            [
              10.7479924,
              54.0096602
            ],
            [
              10.7478905,
              54.0097044
            ],
            [
              10.7477483,
              54.0097107
            ],
            [
              10.7475606,
              54.0096492
            ],
            [
              10.7474211,
              54.0096224
            ],
            [
              10.7472467,
              54.0095956
            ],
            [
              10.7471287,
              54.0095751
            ],
            [
              10.7470027,
              54.0096193
            ],
            [
              10.7468766,
              54.009635
            ],
            [
              10.7467318,
              54.0095468
            ],
            [
              10.7466459,
              54.0094333
            ],
            [
              10.7466674,
              54.0093418
            ],
            [
              10.7467854,
              54.0092615
            ],
            [
              10.7469705,
              54.0092315
            ],
            [
              10.7471636,
              54.0092788
            ],
            [
              10.7472467,
              54.0093355
            ],
            [
              10.7473862,
              54.0093639
            ],
            [
              10.7474801,
              54.0094081
            ]
          ]
        ]
      },
      "id": "way/1084731441"
    },
    {
      "type": "Feature",
      "properties": {
        "@id": "way/1084731442",
        "golf": "fairway"
      },
      "geometry": {
        "type": "Polygon",
        "coordinates": [
          [
            [
              10.752406,
              54.0080084
            ],
            [
              10.7525039,
              54.0079965
            ],
            [
              10.7526232,
              54.0080147
            ],
            [
              10.7527252,
              54.0080635
            ],
            [
              10.7527345,
              54.008162
            ],
            [
              10.7525079,
              54.0084261
            ],
            [
              10.7523027,
              54.0085813
            ],
            [
              10.7520761,
              54.0087571
            ],
            [
              10.7520546,
              54.0089005
            ],
            [
              10.7519822,
              54.0090038
            ],
            [
              10.751836,
              54.0091417
            ],
            [
              10.7517636,
              54.0092733
            ],
            [
              10.7516885,
              54.0094144
            ],
            [
              10.751659,
              54.009494
            ],
            [
              10.7515074,
              54.0095869
            ],
            [
              10.7513358,
              54.0096949
            ],
            [
              10.7512151,
              54.0098336
            ],
            [
              10.7510796,
              54.0098896
            ],
            [
              10.7509616,
              54.0099211
            ],
            [
              10.7509536,
              54.0099526
            ],
            [
              10.7509495,
              54.0099889
            ],
            [
              10.7509214,
              54.0100196
            ],
            [
              10.7508597,
              54.0100693
            ],
            [
              10.7507215,
              54.0100984
            ],
            [
              10.750633,
              54.0100606
            ],
            [
              10.7505727,
              54.0100109
            ],
            [
              10.7505834,
              54.0099345
            ],
            [
              10.7506357,
              54.0098778
            ],
            [
              10.7506867,
              54.0097942
            ],
            [
              10.7507832,
              54.0097296
            ],
            [
              10.7508811,
              54.0096232
            ],
            [
              10.7509643,
              54.0095341
            ],
            [
              10.7510582,
              54.0094412
            ],
            [
              10.7511668,
              54.009386
            ],
            [
              10.751321,
              54.0093505
            ],
            [
              10.7513478,
              54.0093387
            ],
            [
              10.7513867,
              54.0093158
            ],
            [
              10.7514149,
              54.0092843
            ],
            [
              10.7514203,
              54.0092457
            ],
            [
              10.7514055,
              54.0091527
            ],
            [
              10.75138,
              54.0090818
            ],
            [
              10.7515061,
              54.0089707
            ],
            [
              10.7516724,
              54.008858
            ],
            [
              10.7517689,
              54.0087902
            ],
            [
              10.7517931,
              54.0087177
            ],
            [
              10.7518078,
              54.0086381
            ],
            [
              10.7518642,
              54.0085451
            ],
            [
              10.7519352,
              54.008482
            ],
            [
              10.7519674,
              54.008419
            ],
            [
              10.7519943,
              54.0083583
            ],
            [
              10.7521619,
              54.0082456
            ],
            [
              10.7523014,
              54.0081447
            ],
            [
              10.7523832,
              54.0080635
            ],
            [
              10.752406,
              54.0080084
            ]
          ]
        ]
      },
      "id": "way/1084731442"
    },
    {
      "type": "Feature",
      "properties": {
        "@id": "way/1084732058",
        "golf": "fairway"
      },
      "geometry": {
        "type": "Polygon",
        "coordinates": [
          [
            [
              10.7489271,
              53.9994996
            ],
            [
              10.748903,
              53.9994776
            ],
            [
              10.748899,
              53.9994507
            ],
            [
              10.7489043,
              53.9994113
            ],
            [
              10.7489754,
              53.9993672
            ],
            [
              10.749135,
              53.9993688
            ],
            [
              10.7493576,
              53.9993956
            ],
            [
              10.7494421,
              53.9993971
            ],
            [
              10.7496594,
              53.9993995
            ],
            [
              10.7500443,
              53.9994058
            ],
            [
              10.7502978,
              53.9994232
            ],
            [
              10.7505365,
              53.9994058
            ],
            [
              10.7508758,
              53.9994161
            ],
            [
              10.7513733,
              53.9993964
            ],
            [
              10.7515839,
              53.9994129
            ],
            [
              10.7517301,
              53.9994247
            ],
            [
              10.7519621,
              53.999405
            ],
            [
              10.7522504,
              53.9993924
            ],
            [
              10.7527372,
              53.9994547
            ],
            [
              10.7528485,
              53.9994941
            ],
            [
              10.7529464,
              53.9995611
            ],
            [
              10.7530028,
              53.9995808
            ],
            [
              10.753102,
              53.9995587
            ],
            [
              10.7532576,
              53.9995209
            ],
            [
              10.7533877,
              53.9994996
            ],
            [
              10.7534923,
              53.999502
            ],
            [
              10.7535526,
              53.999539
            ],
            [
              10.7535526,
              53.9995903
            ],
            [
              10.7535419,
              53.9996423
            ],
            [
              10.7535325,
              53.9996738
            ],
            [
              10.7534628,
              53.9996928
            ],
            [
              10.7533474,
              53.9996991
            ],
            [
              10.7532375,
              53.9997093
            ],
            [
              10.753157,
              53.9997148
            ],
            [
              10.7530189,
              53.9997196
            ],
            [
              10.7528298,
              53.9997259
            ],
            [
              10.752524,
              53.9997259
            ],
            [
              10.7523483,
              53.9997069
            ],
            [
              10.7522786,
              53.9996596
            ],
            [
              10.7522343,
              53.9995785
            ],
            [
              10.7521887,
              53.9995264
            ],
            [
              10.7521404,
              53.9995185
            ],
            [
              10.7520492,
              53.9995288
            ],
            [
              10.7519862,
              53.9995603
            ],
            [
              10.751887,
              53.9995855
            ],
            [
              10.7517783,
              53.9996116
            ],
            [
              10.7516201,
              53.9996021
            ],
            [
              10.7514203,
              53.9995997
            ],
            [
              10.7512513,
              53.9996163
            ],
            [
              10.7510206,
              53.9996392
            ],
            [
              10.7508396,
              53.999625
            ],
            [
              10.7506478,
              53.999595
            ],
            [
              10.7505083,
              53.9995997
            ],
            [
              10.7503299,
              53.9996313
            ],
            [
              10.7501636,
              53.9996305
            ],
            [
              10.7499236,
              53.9995966
            ],
            [
              10.7497559,
              53.9995926
            ],
            [
              10.7495628,
              53.9996139
            ],
            [
              10.7493858,
              53.9996037
            ],
            [
              10.7492477,
              53.9995643
            ],
            [
              10.7490492,
              53.9995359
            ],
            [
              10.7489271,
              53.9994996
            ]
          ]
        ]
      },
      "id": "way/1084732058"
    },
    {
      "type": "Feature",
      "properties": {
        "@id": "way/1084732059",
        "golf": "fairway"
      },
      "geometry": {
        "type": "Polygon",
        "coordinates": [
          [
            [
              10.7466687,
              54.0000144
            ],
            [
              10.7467398,
              53.9999907
            ],
            [
              10.7467961,
              53.9999253
            ],
            [
              10.7467881,
              53.9998417
            ],
            [
              10.7467519,
              53.9997471
            ],
            [
              10.7467479,
              53.9996644
            ],
            [
              10.7468484,
              53.9995509
            ],
            [
              10.7469879,
              53.9995099
            ],
            [
              10.747122,
              53.9995233
            ],
            [
              10.7471663,
              53.9995753
            ],
            [
              10.7471448,
              53.9996273
            ],
            [
              10.7470737,
              53.9996778
            ],
            [
              10.747004,
              53.9997164
            ],
            [
              10.7469544,
              53.9997527
            ],
            [
              10.7469705,
              53.9998008
            ],
            [
              10.747008,
              53.9998457
            ],
            [
              10.7470375,
              53.9999474
            ],
            [
              10.747012,
              54.0000325
            ],
            [
              10.7469463,
              54.0001405
            ],
            [
              10.7468377,
              54.0001831
            ],
            [
              10.7467438,
              54.0001775
            ],
            [
              10.7466714,
              54.0001618
            ],
            [
              10.7466245,
              54.0001232
            ],
            [
              10.7466137,
              54.0000554
            ],
            [
              10.7466687,
              54.0000144
            ]
          ]
        ]
      },
      "id": "way/1084732059"
    },
    {
      "type": "Feature",
      "properties": {
        "@id": "way/1084732060",
        "golf": "fairway"
      },
      "geometry": {
        "type": "Polygon",
        "coordinates": [
          [
            [
              10.7465333,
              54.0036293
            ],
            [
              10.7466017,
              54.0035891
            ],
            [
              10.7467237,
              54.0035434
            ],
            [
              10.746776,
              54.0034858
            ],
            [
              10.7467733,
              54.0034196
            ],
            [
              10.7466929,
              54.00331
            ],
            [
              10.7466124,
              54.0031429
            ],
            [
              10.7466674,
              54.0030176
            ],
            [
              10.7466647,
              54.0028521
            ],
            [
              10.746768,
              54.0025888
            ],
            [
              10.7468967,
              54.0024272
            ],
            [
              10.7469825,
              54.0023287
            ],
            [
              10.7470214,
              54.0022286
            ],
            [
              10.7470419,
              54.0021626
            ],
            [
              10.7470486,
              54.0021043
            ],
            [
              10.747063,
              54.002066
            ],
            [
              10.7471022,
              54.0020091
            ],
            [
              10.7471576,
              54.0019779
            ],
            [
              10.747242,
              54.0019679
            ],
            [
              10.747355,
              54.0019809
            ],
            [
              10.7474033,
              54.0020014
            ],
            [
              10.747413,
              54.0020311
            ],
            [
              10.747398,
              54.0020822
            ],
            [
              10.7473312,
              54.0021159
            ],
            [
              10.7472746,
              54.0021409
            ],
            [
              10.7472484,
              54.0021659
            ],
            [
              10.7472464,
              54.002203
            ],
            [
              10.7472655,
              54.0022404
            ],
            [
              10.7473057,
              54.002272
            ],
            [
              10.7473031,
              54.0023807
            ],
            [
              10.7472843,
              54.00251
            ],
            [
              10.747295,
              54.0026929
            ],
            [
              10.7472682,
              54.0028411
            ],
            [
              10.7471824,
              54.0030334
            ],
            [
              10.7470643,
              54.0032241
            ],
            [
              10.747,
              54.0033802
            ],
            [
              10.7469866,
              54.0035631
            ],
            [
              10.7469919,
              54.0037254
            ],
            [
              10.7469034,
              54.0038736
            ],
            [
              10.7467103,
              54.0039162
            ],
            [
              10.7466298,
              54.0039178
            ],
            [
              10.7464609,
              54.0038626
            ],
            [
              10.7464126,
              54.0037522
            ],
            [
              10.7465333,
              54.0036293
            ]
          ]
        ]
      },
      "id": "way/1084732060"
    },
    {
      "type": "Feature",
      "properties": {
        "@id": "way/1084732061",
        "golf": "fairway"
      },
      "geometry": {
        "type": "Polygon",
        "coordinates": [
          [
            [
              10.7463589,
              54.0068522
            ],
            [
              10.7464783,
              54.0067316
            ],
            [
              10.7465923,
              54.0066204
            ],
            [
              10.7467183,
              54.0065306
            ],
            [
              10.7467425,
              54.0064667
            ],
            [
              10.7467264,
              54.0063666
            ],
            [
              10.7467639,
              54.0062863
            ],
            [
              10.7468672,
              54.0061988
            ],
            [
              10.7468873,
              54.006157
            ],
            [
              10.746835,
              54.0060671
            ],
            [
              10.7468283,
              54.0059702
            ],
            [
              10.7469088,
              54.0058465
            ],
            [
              10.7470791,
              54.0057385
            ],
            [
              10.7471046,
              54.0056612
            ],
            [
              10.7472172,
              54.0055698
            ],
            [
              10.7472521,
              54.0054484
            ],
            [
              10.74724,
              54.0052853
            ],
            [
              10.7471985,
              54.0051844
            ],
            [
              10.7471502,
              54.0050575
            ],
            [
              10.7471462,
              54.0049527
            ],
            [
              10.747067,
              54.0048029
            ],
            [
              10.7469785,
              54.004728
            ],
            [
              10.7469852,
              54.004613
            ],
            [
              10.7470442,
              54.0045341
            ],
            [
              10.7469879,
              54.0044435
            ],
            [
              10.7469913,
              54.0043978
            ],
            [
              10.7469722,
              54.0043536
            ],
            [
              10.747012,
              54.0043085
            ],
            [
              10.7470486,
              54.0043002
            ],
            [
              10.7471056,
              54.0042864
            ],
            [
              10.7471562,
              54.004273
            ],
            [
              10.7472078,
              54.0042614
            ],
            [
              10.7472186,
              54.0042598
            ],
            [
              10.7472548,
              54.0042472
            ],
            [
              10.7473285,
              54.0042417
            ],
            [
              10.7474224,
              54.0042575
            ],
            [
              10.7474707,
              54.004319
            ],
            [
              10.7474586,
              54.0044277
            ],
            [
              10.7473272,
              54.0045278
            ],
            [
              10.7472481,
              54.0046145
            ],
            [
              10.7472387,
              54.0046405
            ],
            [
              10.7472534,
              54.0046997
            ],
            [
              10.7473661,
              54.0047383
            ],
            [
              10.7474533,
              54.0047667
            ],
            [
              10.7475203,
              54.0048195
            ],
            [
              10.7476062,
              54.0049133
            ],
            [
              10.747586,
              54.0050007
            ],
            [
              10.7475512,
              54.0051836
            ],
            [
              10.7475337,
              54.0053066
            ],
            [
              10.7475699,
              54.0054492
            ],
            [
              10.7475793,
              54.0055572
            ],
            [
              10.7475901,
              54.0056691
            ],
            [
              10.7475431,
              54.0057629
            ],
            [
              10.7474881,
              54.0058299
            ],
            [
              10.7474251,
              54.0059103
            ],
            [
              10.7474425,
              54.0059781
            ],
            [
              10.7474519,
              54.0060522
            ],
            [
              10.7474439,
              54.0061294
            ],
            [
              10.7473795,
              54.0062224
            ],
            [
              10.7473138,
              54.0063091
            ],
            [
              10.7471797,
              54.0064344
            ],
            [
              10.7471462,
              54.0065668
            ],
            [
              10.7471046,
              54.0067
            ],
            [
              10.747012,
              54.0067473
            ],
            [
              10.7468793,
              54.0068167
            ],
            [
              10.7466768,
              54.0069168
            ],
            [
              10.7466432,
              54.006968
            ],
            [
              10.7465668,
              54.0070452
            ],
            [
              10.7464233,
              54.0070531
            ],
            [
              10.7463241,
              54.007024
            ],
            [
              10.746312,
              54.006927
            ],
            [
              10.7463589,
              54.0068522
            ]
          ]
        ]
      },
      "id": "way/1084732061"
    },
    {
      "type": "Feature",
      "properties": {
        "@id": "way/1084732998",
        "golf": "water_hazard"
      },
      "geometry": {
        "type": "Polygon",
        "coordinates": [
          [
            [
              10.7521391,
              54.0043229
            ],
            [
              10.7521445,
              54.0042788
            ],
            [
              10.7521525,
              54.0042259
            ],
            [
              10.7521605,
              54.0041755
            ],
            [
              10.7519808,
              54.00414
            ],
            [
              10.7519554,
              54.0041621
            ],
            [
              10.7519326,
              54.0041968
            ],
            [
              10.7518937,
              54.0041913
            ],
            [
              10.7518561,
              54.0041716
            ],
            [
              10.7518829,
              54.0041266
            ],
            [
              10.7519701,
              54.004088
            ],
            [
              10.7519996,
              54.0040321
            ],
            [
              10.7520506,
              54.0039682
            ],
            [
              10.7521646,
              54.0038452
            ],
            [
              10.7521954,
              54.0038342
            ],
            [
              10.7523403,
              54.0037672
            ],
            [
              10.7524355,
              54.003712
            ],
            [
              10.7524717,
              54.0036466
            ],
            [
              10.7525267,
              54.0035946
            ],
            [
              10.7526165,
              54.0035859
            ],
            [
              10.7526259,
              54.0036466
            ],
            [
              10.7525548,
              54.0036923
            ],
            [
              10.7525615,
              54.0037491
            ],
            [
              10.7525723,
              54.003809
            ],
            [
              10.7525186,
              54.0038547
            ],
            [
              10.7524784,
              54.0038508
            ],
            [
              10.7524556,
              54.0038318
            ],
            [
              10.7523859,
              54.0038397
            ],
            [
              10.752288,
              54.0038917
            ],
            [
              10.7522571,
              54.0039627
            ],
            [
              10.7522678,
              54.0040612
            ],
            [
              10.7522692,
              54.0041629
            ],
            [
              10.7522437,
              54.0042181
            ],
            [
              10.7522906,
              54.0042874
            ],
            [
              10.7523081,
              54.004341
            ],
            [
              10.7522893,
              54.0043907
            ],
            [
              10.7523121,
              54.0044388
            ],
            [
              10.752288,
              54.0044805
            ],
            [
              10.7522383,
              54.0045058
            ],
            [
              10.7521525,
              54.0045239
            ],
            [
              10.7520694,
              54.0045389
            ],
            [
              10.7520358,
              54.0045743
            ],
            [
              10.7519969,
              54.0045917
            ],
            [
              10.75195,
              54.0045885
            ],
            [
              10.7519178,
              54.0045538
            ],
            [
              10.751895,
              54.0045002
            ],
            [
              10.7518387,
              54.0044317
            ],
            [
              10.7518186,
              54.0043694
            ],
            [
              10.7517971,
              54.0043008
            ],
            [
              10.7518226,
              54.0042464
            ],
            [
              10.7518736,
              54.0042283
            ],
            [
              10.7519245,
              54.0042401
            ],
            [
              10.7519151,
              54.0042772
            ],
            [
              10.7520573,
              54.0042937
            ],
            [
              10.75206,
              54.0043221
            ],
            [
              10.7520305,
              54.0044049
            ],
            [
              10.7520331,
              54.0044616
            ],
            [
              10.7521069,
              54.0044719
            ],
            [
              10.7521753,
              54.0044648
            ],
            [
              10.7522088,
              54.0044388
            ],
            [
              10.752182,
              54.004397
            ],
            [
              10.7521391,
              54.0043607
            ],
            [
              10.7521391,
              54.0043229
            ]
          ]
        ]
      },
      "id": "way/1084732998"
    },
    {
      "type": "Feature",
      "properties": {
        "@id": "way/1084733647",
        "golf": "water_hazard"
      },
      "geometry": {
        "type": "Polygon",
        "coordinates": [
          [
            [
              10.7523993,
              54.000012
            ],
            [
              10.7524194,
              54.000012
            ],
            [
              10.7524341,
              54.0000112
            ],
            [
              10.7524744,
              54.0000301
            ],
            [
              10.7525481,
              54.0000412
            ],
            [
              10.7526112,
              54.0000412
            ],
            [
              10.7527144,
              54.0000475
            ],
            [
              10.7527734,
              54.0000648
            ],
            [
              10.7527982,
              54.0000845
            ],
            [
              10.7528043,
              54.0001074
            ],
            [
              10.7527976,
              54.0001275
            ],
            [
              10.7527734,
              54.0001555
            ],
            [
              10.752754,
              54.0001783
            ],
            [
              10.7527117,
              54.000187
            ],
            [
              10.7526769,
              54.0001894
            ],
            [
              10.7526447,
              54.000176
            ],
            [
              10.7525736,
              54.0001594
            ],
            [
              10.7525213,
              54.0001239
            ],
            [
              10.7524542,
              54.0000932
            ],
            [
              10.75241,
              54.00009
            ],
            [
              10.7523577,
              54.0001082
            ],
            [
              10.7523027,
              54.0000979
            ],
            [
              10.7522933,
              54.000064
            ],
            [
              10.7523054,
              54.0000278
            ],
            [
              10.752359,
              54.0000096
            ],
            [
              10.7523993,
              54.000012
            ]
          ]
        ]
      },
      "id": "way/1084733647"
    },
    {
      "type": "Feature",
      "properties": {
        "@id": "way/1084733648",
        "golf": "water_hazard"
      },
      "geometry": {
        "type": "Polygon",
        "coordinates": [
          [
            [
              10.7464153,
              54.0073826
            ],
            [
              10.7464769,
              54.0073581
            ],
            [
              10.746552,
              54.0073463
            ],
            [
              10.7466204,
              54.0073416
            ],
            [
              10.7466821,
              54.0073566
            ],
            [
              10.7467023,
              54.0073999
            ],
            [
              10.7466634,
              54.0074441
            ],
            [
              10.7465735,
              54.0074866
            ],
            [
              10.7464971,
              54.0075465
            ],
            [
              10.7464689,
              54.0075906
            ],
            [
              10.7464179,
              54.0076427
            ],
            [
              10.7463294,
              54.0076624
            ],
            [
              10.7462583,
              54.0076805
            ],
            [
              10.7461444,
              54.0077443
            ],
            [
              10.7460733,
              54.0077837
            ],
            [
              10.7460558,
              54.0077357
            ],
            [
              10.7460693,
              54.0076663
            ],
            [
              10.7461216,
              54.0075891
            ],
            [
              10.7461913,
              54.0075197
            ],
            [
              10.7463039,
              54.0074346
            ],
            [
              10.7464153,
              54.0073826
            ]
          ]
        ]
      },
      "id": "way/1084733648"
    },
    {
      "type": "Feature",
      "properties": {
        "@id": "way/1084733649",
        "golf": "tee"
      },
      "geometry": {
        "type": "Polygon",
        "coordinates": [
          [
            [
              10.7490103,
              54.0097777
            ],
            [
              10.7490304,
              54.0097201
            ],
            [
              10.7492021,
              54.0097383
            ],
            [
              10.7491699,
              54.0098021
            ],
            [
              10.7490103,
              54.0097777
            ]
          ]
        ]
      },
      "id": "way/1084733649"
    },
    {
      "type": "Feature",
      "properties": {
        "@id": "way/315126257",
        "golf": "hole"
      },
      "geometry": {
        "type": "LineString",
        "coordinates": [
          [
            10.7546506,
            53.9992641
          ],
          [
            10.7556091,
            53.997822
          ]
        ]
      },
      "id": "way/315126257"
    },
    {
      "type": "Feature",
      "properties": {
        "@id": "way/315126259",
        "golf": "hole"
      },
      "geometry": {
        "type": "LineString",
        "coordinates": [
          [
            10.755079,
            53.9977111
          ],
          [
            10.7543862,
            53.9986278
          ],
          [
            10.7536214,
            53.9989329
          ]
        ]
      },
      "id": "way/315126259"
    },
    {
      "type": "Feature",
      "properties": {
        "@id": "way/1084719868",
        "golf": "hole",
        "ref": "1"
      },
      "geometry": {
        "type": "LineString",
        "coordinates": [
          [
            10.7518266,
            54.0032005
          ],
          [
            10.7533501,
            54.0009016
          ]
        ]
      },
      "id": "way/1084719868"
    },
    {
      "type": "Feature",
      "properties": {
        "@id": "way/1084724343",
        "golf": "hole",
        "ref": "8"
      },
      "geometry": {
        "type": "LineString",
        "coordinates": [
          [
            10.7490975,
            54.0063485
          ],
          [
            10.7500255,
            54.0042725
          ],
          [
            10.7490861,
            54.0023579
          ]
        ]
      },
      "id": "way/1084724343"
    },
    {
      "type": "Feature",
      "properties": {
        "@id": "way/1084724346",
        "golf": "hole",
        "ref": "7"
      },
      "geometry": {
        "type": "LineString",
        "coordinates": [
          [
            10.7473969,
            54.0089967
          ],
          [
            10.7495883,
            54.0068908
          ],
          [
            10.7497828,
            54.0061948
          ]
        ]
      },
      "id": "way/1084724346"
    },
    {
      "type": "Feature",
      "properties": {
        "@id": "way/1084724349",
        "golf": "hole",
        "ref": "6"
      },
      "geometry": {
        "type": "LineString",
        "coordinates": [
          [
            10.749709,
            54.0099912
          ],
          [
            10.746945,
            54.0093876
          ]
        ]
      },
      "id": "way/1084724349"
    },
    {
      "type": "Feature",
      "properties": {
        "@id": "way/1084724351",
        "golf": "hole",
        "ref": "5"
      },
      "geometry": {
        "type": "LineString",
        "coordinates": [
          [
            10.7528257,
            54.0067844
          ],
          [
            10.7525012,
            54.0082054
          ],
          [
            10.7507658,
            54.0099684
          ]
        ]
      },
      "id": "way/1084724351"
    },
    {
      "type": "Feature",
      "properties": {
        "@id": "way/1084724354",
        "golf": "hole",
        "ref": "4"
      },
      "geometry": {
        "type": "LineString",
        "coordinates": [
          [
            10.7504895,
            54.0092457
          ],
          [
            10.7521639,
            54.0066185
          ]
        ]
      },
      "id": "way/1084724354"
    },
    {
      "type": "Feature",
      "properties": {
        "@id": "way/1084724356",
        "golf": "hole",
        "ref": "3"
      },
      "geometry": {
        "type": "LineString",
        "coordinates": [
          [
            10.7497331,
            54.0076127
          ],
          [
            10.7497466,
            54.0089218
          ]
        ]
      },
      "id": "way/1084724356"
    },
    {
      "type": "Feature",
      "properties": {
        "@id": "way/1084724359",
        "golf": "hole",
        "ref": "2"
      },
      "geometry": {
        "type": "LineString",
        "coordinates": [
          [
            10.7522625,
            54.0035548
          ],
          [
            10.7504205,
            54.0078826
          ]
        ]
      },
      "id": "way/1084724359"
    },
    {
      "type": "Feature",
      "properties": {
        "@id": "way/1084726521",
        "golf": "hole",
        "ref": "14"
      },
      "geometry": {
        "type": "LineString",
        "coordinates": [
          [
            10.7419588,
            54.0082755
          ],
          [
            10.7455999,
            54.0085301
          ],
          [
            10.7465909,
            54.0089817
          ]
        ]
      },
      "id": "way/1084726521"
    },
    {
      "type": "Feature",
      "properties": {
        "@id": "way/1084726523",
        "golf": "hole",
        "ref": "13"
      },
      "geometry": {
        "type": "LineString",
        "coordinates": [
          [
            10.7464823,
            54.0097737
          ],
          [
            10.7431483,
            54.0095341
          ],
          [
            10.7417308,
            54.008605
          ]
        ]
      },
      "id": "way/1084726523"
    },
    {
      "type": "Feature",
      "properties": {
        "@id": "way/1084726526",
        "golf": "hole",
        "ref": "12"
      },
      "geometry": {
        "type": "LineString",
        "coordinates": [
          [
            10.7479978,
            54.0071982
          ],
          [
            10.7470456,
            54.0086641
          ]
        ]
      },
      "id": "way/1084726526"
    },
    {
      "type": "Feature",
      "properties": {
        "@id": "way/1084726529",
        "golf": "hole",
        "ref": "11"
      },
      "geometry": {
        "type": "LineString",
        "coordinates": [
          [
            10.7479575,
            54.0025021
          ],
          [
            10.7485235,
            54.0049976
          ],
          [
            10.7484591,
            54.0068072
          ]
        ]
      },
      "id": "way/1084726529"
    },
    {
      "type": "Feature",
      "properties": {
        "@id": "way/1084726532",
        "golf": "hole",
        "ref": "10"
      },
      "geometry": {
        "type": "LineString",
        "coordinates": [
          [
            10.7513653,
            53.9999576
          ],
          [
            10.7486576,
            54.0002493
          ],
          [
            10.7472843,
            54.0015168
          ]
        ]
      },
      "id": "way/1084726532"
    },
    {
      "type": "Feature",
      "properties": {
        "@id": "way/1084726535",
        "golf": "hole",
        "ref": "9"
      },
      "geometry": {
        "type": "LineString",
        "coordinates": [
          [
            10.7485825,
            54.0017375
          ],
          [
            10.7516563,
            54.0003108
          ],
          [
            10.7530497,
            54.0002461
          ]
        ]
      },
      "id": "way/1084726535"
    },
    {
      "type": "Feature",
      "properties": {
        "@id": "way/1084727087",
        "golf": "hole",
        "ref": "18"
      },
      "geometry": {
        "type": "LineString",
        "coordinates": [
          [
            10.747747,
            53.9993388
          ],
          [
            10.7533528,
            53.9996068
          ]
        ]
      },
      "id": "way/1084727087"
    },
    {
      "type": "Feature",
      "properties": {
        "@id": "way/1084727089",
        "golf": "hole",
        "ref": "17"
      },
      "geometry": {
        "type": "LineString",
        "coordinates": [
          [
            10.7463133,
            54.001099
          ],
          [
            10.7469504,
            53.9996131
          ]
        ]
      },
      "id": "way/1084727089"
    },
    {
      "type": "Feature",
      "properties": {
        "@id": "way/1084727092",
        "golf": "hole",
        "ref": "16"
      },
      "geometry": {
        "type": "LineString",
        "coordinates": [
          [
            10.7465588,
            54.004918
          ],
          [
            10.7471918,
            54.0020851
          ]
        ]
      },
      "id": "way/1084727092"
    },
    {
      "type": "Feature",
      "properties": {
        "@id": "way/1084727095",
        "golf": "hole",
        "ref": "15"
      },
      "geometry": {
        "type": "LineString",
        "coordinates": [
          [
            10.7461363,
            54.0081187
          ],
          [
            10.7474881,
            54.0053649
          ],
          [
            10.7472105,
            54.0043773
          ]
        ]
      },
      "id": "way/1084727095"
    },
    {
      "type": "Feature",
      "properties": {
        "@id": "node/3212147813",
        "golf": "pin",
        "name": "Loch 8 Süd"
      },
      "geometry": {
        "type": "Point",
        "coordinates": [
          10.74332,
          53.9945
        ]
      },
      "id": "node/3212147813"
    },
    {
      "type": "Feature",
      "properties": {
        "@id": "node/3212203905",
        "golf": "tee"
      },
      "geometry": {
        "type": "Point",
        "coordinates": [
          10.755079,
          53.9977111
        ]
      },
      "id": "node/3212203905"
    },
    {
      "type": "Feature",
      "properties": {
        "@id": "node/3212204580",
        "golf": "tee"
      },
      "geometry": {
        "type": "Point",
        "coordinates": [
          10.7546506,
          53.9992641
        ]
      },
      "id": "node/3212204580"
    },
    {
      "type": "Feature",
      "properties": {
        "@id": "node/9939891767",
        "golf": "tee"
      },
      "geometry": {
        "type": "Point",
        "coordinates": [
          10.7419588,
          54.0082755
        ]
      },
      "id": "node/9939891767"
    },
    {
      "type": "Feature",
      "properties": {
        "@id": "node/9939891778",
        "golf": "tee"
      },
      "geometry": {
        "type": "Point",
        "coordinates": [
          10.7464823,
          54.0097737
        ]
      },
      "id": "node/9939891778"
    },
    {
      "type": "Feature",
      "properties": {
        "@id": "node/9939891800",
        "golf": "pin"
      },
      "geometry": {
        "type": "Point",
        "coordinates": [
          10.7470456,
          54.0086641
        ]
      },
      "id": "node/9939891800"
    },
    {
      "type": "Feature",
      "properties": {
        "@id": "node/9939891801",
        "golf": "tee"
      },
      "geometry": {
        "type": "Point",
        "coordinates": [
          10.7479978,
          54.0071982
        ]
      },
      "id": "node/9939891801"
    },
    {
      "type": "Feature",
      "properties": {
        "@id": "node/9939898360",
        "golf": "pin"
      },
      "geometry": {
        "type": "Point",
        "coordinates": [
          10.7518266,
          54.0032005
        ]
      },
      "id": "node/9939898360"
    },
    {
      "type": "Feature",
      "properties": {
        "@id": "node/9939898375",
        "golf": "tee"
      },
      "geometry": {
        "type": "Point",
        "coordinates": [
          10.7533501,
          54.0009016
        ]
      },
      "id": "node/9939898375"
    },
    {
      "type": "Feature",
      "properties": {
        "@id": "node/9939930665",
        "golf": "pin"
      },
      "geometry": {
        "type": "Point",
        "coordinates": [
          10.7417308,
          54.008605
        ]
      },
      "id": "node/9939930665"
    },
    {
      "type": "Feature",
      "properties": {
        "@id": "node/9939930681",
        "golf": "pin"
      },
      "geometry": {
        "type": "Point",
        "coordinates": [
          10.746945,
          54.0093876
        ]
      },
      "id": "node/9939930681"
    },
    {
      "type": "Feature",
      "properties": {
        "@id": "node/9939930682",
        "golf": "pin"
      },
      "geometry": {
        "type": "Point",
        "coordinates": [
          10.7507658,
          54.0099684
        ]
      },
      "id": "node/9939930682"
    },
    {
      "type": "Feature",
      "properties": {
        "@id": "node/9939930696",
        "golf": "pin"
      },
      "geometry": {
        "type": "Point",
        "coordinates": [
          10.7521639,
          54.0066185
        ]
      },
      "id": "node/9939930696"
    },
    {
      "type": "Feature",
      "properties": {
        "@id": "node/9939930714",
        "golf": "pin"
      },
      "geometry": {
        "type": "Point",
        "coordinates": [
          10.7497466,
          54.0089218
        ]
      },
      "id": "node/9939930714"
    },
    {
      "type": "Feature",
      "properties": {
        "@id": "node/9939935530",
        "golf": "pin"
      },
      "geometry": {
        "type": "Point",
        "coordinates": [
          10.7504205,
          54.0078826
        ]
      },
      "id": "node/9939935530"
    },
    {
      "type": "Feature",
      "properties": {
        "@id": "node/9939939453",
        "golf": "pin"
      },
      "geometry": {
        "type": "Point",
        "coordinates": [
          10.7497828,
          54.0061948
        ]
      },
      "id": "node/9939939453"
    },
    {
      "type": "Feature",
      "properties": {
        "@id": "node/9939939470",
        "golf": "pin"
      },
      "geometry": {
        "type": "Point",
        "coordinates": [
          10.7490861,
          54.0023579
        ]
      },
      "id": "node/9939939470"
    },
    {
      "type": "Feature",
      "properties": {
        "@id": "node/9939939485",
        "golf": "pin"
      },
      "geometry": {
        "type": "Point",
        "coordinates": [
          10.7530497,
          54.0002461
        ]
      },
      "id": "node/9939939485"
    },
    {
      "type": "Feature",
      "properties": {
        "@id": "node/9939939506",
        "golf": "pin"
      },
      "geometry": {
        "type": "Point",
        "coordinates": [
          10.7533528,
          53.9996068
        ]
      },
      "id": "node/9939939506"
    },
    {
      "type": "Feature",
      "properties": {
        "@id": "node/9939939985",
        "golf": "tee"
      },
      "geometry": {
        "type": "Point",
        "coordinates": [
          10.7490975,
          54.0063485
        ]
      },
      "id": "node/9939939985"
    },
    {
      "type": "Feature",
      "properties": {
        "@id": "node/9939940005",
        "golf": "tee"
      },
      "geometry": {
        "type": "Point",
        "coordinates": [
          10.7473969,
          54.0089967
        ]
      },
      "id": "node/9939940005"
    },
    {
      "type": "Feature",
      "properties": {
        "@id": "node/9939943439",
        "golf": "tee"
      },
      "geometry": {
        "type": "Point",
        "coordinates": [
          10.747747,
          53.9993388
        ]
      },
      "id": "node/9939943439"
    },
    {
      "type": "Feature",
      "properties": {
        "@id": "node/9939943450",
        "golf": "tee"
      },
      "geometry": {
        "type": "Point",
        "coordinates": [
          10.7463133,
          54.001099
        ]
      },
      "id": "node/9939943450"
    },
    {
      "type": "Feature",
      "properties": {
        "@id": "node/9939943468",
        "golf": "tee"
      },
      "geometry": {
        "type": "Point",
        "coordinates": [
          10.7465588,
          54.004918
        ]
      },
      "id": "node/9939943468"
    },
    {
      "type": "Feature",
      "properties": {
        "@id": "node/9939943495",
        "golf": "tee"
      },
      "geometry": {
        "type": "Point",
        "coordinates": [
          10.7461363,
          54.0081187
        ]
      },
      "id": "node/9939943495"
    },
    {
      "type": "Feature",
      "properties": {
        "@id": "node/9939945525",
        "golf": "pin"
      },
      "geometry": {
        "type": "Point",
        "coordinates": [
          10.7469504,
          53.9996131
        ]
      },
      "id": "node/9939945525"
    },
    {
      "type": "Feature",
      "properties": {
        "@id": "node/9939945526",
        "golf": "pin"
      },
      "geometry": {
        "type": "Point",
        "coordinates": [
          10.7472843,
          54.0015168
        ]
      },
      "id": "node/9939945526"
    },
    {
      "type": "Feature",
      "properties": {
        "@id": "node/9939945527",
        "golf": "pin"
      },
      "geometry": {
        "type": "Point",
        "coordinates": [
          10.7471918,
          54.0020851
        ]
      },
      "id": "node/9939945527"
    },
    {
      "type": "Feature",
      "properties": {
        "@id": "node/9939945556",
        "golf": "pin"
      },
      "geometry": {
        "type": "Point",
        "coordinates": [
          10.7472105,
          54.0043773
        ]
      },
      "id": "node/9939945556"
    },
    {
      "type": "Feature",
      "properties": {
        "@id": "node/9939945557",
        "golf": "pin"
      },
      "geometry": {
        "type": "Point",
        "coordinates": [
          10.7465909,
          54.0089817
        ]
      },
      "id": "node/9939945557"
    },
    {
      "type": "Feature",
      "properties": {
        "@id": "node/9939958721",
        "golf": "tee"
      },
      "geometry": {
        "type": "Point",
        "coordinates": [
          10.749709,
          54.0099912
        ]
      },
      "id": "node/9939958721"
    },
    {
      "type": "Feature",
      "properties": {
        "@id": "node/9939958732",
        "golf": "tee"
      },
      "geometry": {
        "type": "Point",
        "coordinates": [
          10.7528257,
          54.0067844
        ]
      },
      "id": "node/9939958732"
    },
    {
      "type": "Feature",
      "properties": {
        "@id": "node/9939958756",
        "golf": "tee"
      },
      "geometry": {
        "type": "Point",
        "coordinates": [
          10.7504895,
          54.0092457
        ]
      },
      "id": "node/9939958756"
    },
    {
      "type": "Feature",
      "properties": {
        "@id": "node/9939958767",
        "golf": "tee"
      },
      "geometry": {
        "type": "Point",
        "coordinates": [
          10.7497331,
          54.0076127
        ]
      },
      "id": "node/9939958767"
    },
    {
      "type": "Feature",
      "properties": {
        "@id": "node/9939958797",
        "golf": "tee"
      },
      "geometry": {
        "type": "Point",
        "coordinates": [
          10.7522625,
          54.0035548
        ]
      },
      "id": "node/9939958797"
    },
    {
      "type": "Feature",
      "properties": {
        "@id": "node/9939968932",
        "golf": "pin"
      },
      "geometry": {
        "type": "Point",
        "coordinates": [
          10.7484591,
          54.0068072
        ]
      },
      "id": "node/9939968932"
    },
    {
      "type": "Feature",
      "properties": {
        "@id": "node/9939968946",
        "golf": "tee"
      },
      "geometry": {
        "type": "Point",
        "coordinates": [
          10.7479575,
          54.0025021
        ]
      },
      "id": "node/9939968946"
    },
    {
      "type": "Feature",
      "properties": {
        "@id": "node/9939968959",
        "golf": "tee"
      },
      "geometry": {
        "type": "Point",
        "coordinates": [
          10.7513653,
          53.9999576
        ]
      },
      "id": "node/9939968959"
    },
    {
      "type": "Feature",
      "properties": {
        "@id": "node/9939968985",
        "golf": "tee"
      },
      "geometry": {
        "type": "Point",
        "coordinates": [
          10.7485825,
          54.0017375
        ]
      },
      "id": "node/9939968985"
    }
  ]
}